■wiki-1,しかし、5以下は「象が」には言い換えられない。
文字,し,,,か,,,し,,,、,,,5,以,,,下,,,は,,,「,,,象,,,が,,,」,,,に,,,は,,,言,,,い,,,換,,,え,,,ら,,,れ,,,な,,,い,,,。,,
バイト(hex),E3,81,97,E3,81,8B,E3,81,97,E3,80,81,35,E4,BB,A5,E4,B8,8B,E3,81,AF,E3,80,8C,E8,B1,A1,E3,81,8C,E3,80,8D,E3,81,AB,E3,81,AF,E8,A8,80,E3,81,84,E6,8F,9B,E3,81,88,E3,82,89,E3,82,8C,E3,81,AA,E3,81,84,E3,80,82
エントロピー(bits),1.736,4.779,0.034,0.913,4.238,0.080,0.919,0.397,1.420,1.510,0.022,3.246,3.088,1.713,1.555,0.997,0.001,0.623,0.958,0.386,1.240,3.178,1.961,0.409,3.471,4.801,1.781,1.815,1.612,3.201,2.795,1.781,1.381,0.941,1.302,2.018,2.254,1.229,2.570,2.074,4.373,0.578,0.249,0.493,1.398,1.600,2.378,0.010,0.001,0.016,0.879,0.031,0.828,1.307,0.001,0.000,0.003,0.064,0.518,2.277,0.002,0.002,0.862,0.924,1.138,0.845,3.224
文字パッチ番号,0,0,1,1,1,2,2,2,3,3,3,4,5,5,5,6,6,6,7,7,7,8,8,8,9,9,9,10,10,10,11,11,11,12,12,12,13,13,13,14,14,14,15,15,15,16,16,16,17,17,17,18,18,18,19,19,19,20,20,20,21,21,21,22,22,22,
sum,11.271,,5.185,,,1.398,,,2.953,,,3.246,6.357,,,1.623,,,2.581,,,5.545,,,10.054,,,6.627,,,5.951,,,4.260,,,6.041,,,7.033,,,2.142,,,3.990,,,0.896,,,2.164,,,0.004,,,2.863,,,0.868,,,2.908,,,
sum/√ℓ (=H),6.492,,2.998,,,0.806,,,1.702,,,3.246,3.674,,,0.935,,,1.488,,,3.201,,,5.816,,,3.832,,,3.426,,,2.457,,,3.494,,,4.058,,,1.234,,,2.299,,,0.518,,,1.251,,,0.002,,,1.657,,,0.502,,,1.679,,,

■wiki-2,江戸時代には混同が進んでいき、江戸では18世紀中頃には直音の「カ・ガ」が一般化した。
文字,江,,,戸,,,時,,,代,,,に,,,は,,,混,,,同,,,が,,,進,,,ん,,,で,,,い,,,き,,,、,,,江,,,戸,,,で,,,は,,,1,8,世,,,紀,,,中,,,頃,,,に,,,は,,,直,,,音,,,の,,,「,,,カ,,,・,,,ガ,,,」,,,が,,,一,,,般,,,化,,,し,,,た,,,。,,
バイト(hex),E6,B1,9F,E6,88,B8,E6,99,82,E4,BB,A3,E3,81,AB,E3,81,AF,E6,B7,B7,E5,90,8C,E3,81,8C,E9,80,B2,E3,82,93,E3,81,A7,E3,81,84,E3,81,8D,E3,80,81,E6,B1,9F,E6,88,B8,E3,81,A7,E3,81,AF,31,38,E4,B8,96,E7,B4,80,E4,B8,AD,E9,A0,83,E3,81,AB,E3,81,AF,E7,9B,B4,E9,9F,B3,E3,81,AE,E3,80,8C,E3,82,AB,E3,83,BB,E3,82,AC,E3,80,8D,E3,81,8C,E4,B8,80,E8,88,AC,E5,8C,96,E3,81,97,E3,81,9F,E3,80,82
エントロピー(bits),5.117,2.299,2.423,4.306,0.648,1.747,1.691,0.442,0.857,0.013,0.006,2.378,0.676,1.578,2.626,1.234,1.144,2.513,4.418,2.525,1.634,0.564,1.071,0.114,0.024,1.589,1.803,3.133,0.358,0.874,0.358,0.083,0.002,0.002,0.997,0.541,0.406,0.306,0.003,0.459,0.665,0.126,0.535,0.099,2.976,4.486,0.079,0.023,0.309,0.001,1.815,0.992,2.491,0.879,0.544,0.817,2.716,2.750,3.269,0.102,0.009,0.053,0.009,0.000,1.961,0.930,0.062,1.860,0.001,0.000,0.300,0.795,2.187,2.502,1.623,2.976,2.761,4.982,2.198,2.006,1.984,0.885,0.431,1.020,2.187,2.705,1.848,0.513,2.243,1.657,4.711,0.007,1.183,4.215,0.111,0.535,3.201,0.027,1.386,0.008,0.609,1.105,2.119,2.829,2.040,1.713,2.096,0.023,0.000,1.747,1.533,0.000,0.051,0.200,0.606,0.128,0.885,1.071,0.862,1.302,0.380,2.536
文字パッチ番号,0,0,1,1,1,2,2,2,3,3,3,4,4,4,5,5,5,6,6,6,7,7,7,8,8,8,9,9,9,10,10,10,11,11,11,12,12,12,13,13,13,14,14,14,15,15,15,16,16,16,17,17,17,18,18,18,19,20,21,21,21,22,22,22,23,23,23,24,24,24,25,25,25,26,26,26,27,27,27,28,28,28,29,29,29,30,30,30,31,31,31,32,32,32,33,33,33,34,34,34,35,35,35,36,36,36,37,37,37,38,38,38,39,39,39,40,40,40,41,41,41,
sum,12.173,,7.394,,,3.877,,,0.874,,,4.644,,,5.004,,,9.468,,,3.269,,,1.724,,,5.297,,,1.313,,,1.003,,,1.251,,,1.127,,,0.761,,,7.529,,,0.332,,,5.297,,,2.243,,,2.716,2.750,3.381,,,0.062,,,2.953,,,1.860,,,3.291,,,7.123,,,9.919,,,4.869,,,3.629,,,5.072,,,8.611,,,5.410,,,3.855,,,1.420,,,3.832,,,6.582,,,2.119,,,3.291,,,0.857,,,2.085,,,2.547,,,
sum/√ℓ (=H),7.033,,4.260,,,2.243,,,0.504,,,2.683,,,2.885,,,5.455,,,1.882,,,0.997,,,3.066,,,0.761,,,0.580,,,0.721,,,0.651,,,0.440,,,4.351,,,0.192,,,3.066,,,1.296,,,2.716,2.750,1.950,,,0.036,,,1.702,,,1.076,,,1.905,,,4.103,,,5.726,,,2.806,,,2.096,,,2.930,,,4.982,,,3.133,,,2.220,,,0.817,,,2.209,,,3.810,,,1.223,,,1.905,,,0.496,,,1.206,,,1.465,,,

■wiki-3,日本語話者は日常生活で両文体を適宜使い分ける。
文字,日,,,本,,,語,,,話,,,者,,,は,,,日,,,常,,,生,,,活,,,で,,,両,,,文,,,体,,,を,,,適,,,宜,,,使,,,い,,,分,,,け,,,る,,,。,,
バイト(hex),E6,97,A5,E6,9C,AC,E8,AA,9E,E8,A9,B1,E8,80,85,E3,81,AF,E6,97,A5,E5,B8,B8,E7,94,9F,E6,B4,BB,E3,81,A7,E4,B8,A1,E6,96,87,E4,BD,93,E3,82,92,E9,81,A9,E5,AE,9C,E4,BD,BF,E3,81,84,E5,88,86,E3,81,91,E3,82,8B,E3,80,82
エントロピー(bits),5.117,2.502,1.544,0.609,0.039,2.705,4.531,1.544,2.446,1.217,1.014,2.750,2.998,0.003,2.671,1.082,1.302,1.837,2.852,0.017,0.010,0.778,0.006,1.972,0.941,0.051,0.262,0.000,0.000,1.200,1.048,2.130,2.840,2.085,2.040,1.133,1.065,0.001,1.031,2.108,1.646,1.623,1.009,0.121,2.671,1.612,2.480,1.544,2.063,0.081,2.570,2.401,0.530,0.038,0.008,1.848,1.009,3.359,2.378,1.510,0.046,0.003,0.361,1.420,0.840,1.313,0.975,0.902,3.066
文字パッチ番号,0,0,1,1,1,2,2,2,3,3,3,4,4,4,5,5,5,6,6,6,7,7,7,8,8,8,9,9,9,10,10,10,11,11,11,12,12,12,13,13,13,14,14,14,15,15,15,16,16,16,17,17,17,18,18,18,19,19,19,20,20,20,21,21,21,22,22,22,
sum,12.353,,2.187,,,8.791,,,4.689,,,5.748,,,5.049,,,4.711,,,0.795,,,2.976,,,0.262,,,4.373,,,6.943,,,2.198,,,4.779,,,2.750,,,6.763,,,3.697,,,5.500,,,1.894,,,6.763,,,1.555,,,2.615,,,3.201,,,
sum/√ℓ (=H),7.123,,1.262,,,5.072,,,2.705,,,3.314,,,2.908,,,2.716,,,0.459,,,1.713,,,0.151,,,2.525,,,4.012,,,1.268,,,2.761,,,1.589,,,3.900,,,2.130,,,3.178,,,1.093,,,3.900,,,0.896,,,1.510,,,1.848,,,

■wiki-4,日本語のオノマトペは欧米語や中国語の3倍から5倍存在するといわれる。
文字,日,,,本,,,語,,,の,,,オ,,,ノ,,,マ,,,ト,,,ペ,,,は,,,欧,,,米,,,語,,,や,,,中,,,国,,,語,,,の,,,3,倍,,,か,,,ら,,,5,倍,,,存,,,在,,,す,,,る,,,と,,,い,,,わ,,,れ,,,る,,,。,,
バイト(hex),E6,97,A5,E6,9C,AC,E8,AA,9E,E3,81,AE,E3,82,AA,E3,83,8E,E3,83,9E,E3,83,88,E3,83,9A,E3,81,AF,E6,AC,A7,E7,B1,B3,E8,AA,9E,E3,82,84,E4,B8,AD,E5,9B,BD,E8,AA,9E,E3,81,AE,33,E5,80,8D,E3,81,8B,E3,82,89,35,E5,80,8D,E5,AD,98,E5,9C,A8,E3,81,99,E3,82,8B,E3,81,A8,E3,81,84,E3,82,8F,E3,82,8C,E3,82,8B,E3,80,82
エントロピー(bits),5.117,2.502,1.544,0.609,0.039,2.705,4.531,1.544,2.446,1.268,2.074,2.885,1.848,4.125,0.002,0.552,3.156,0.123,0.459,3.088,0.054,0.106,1.860,0.141,0.075,2.930,0.845,0.566,2.209,1.048,2.840,1.054,0.907,0.036,0.000,1.646,0.513,0.040,0.879,0.690,1.336,2.265,0.662,1.555,0.572,0.417,0.045,0.255,0.051,0.000,0.437,0.564,2.356,1.916,1.623,3.269,0.036,1.567,0.845,0.541,0.072,1.088,0.010,3.111,1.995,0.275,0.014,0.907,3.517,0.369,0.055,0.003,0.000,0.029,0.064,0.879,0.002,0.001,0.002,2.401,1.589,2.694,1.770,0.662,2.119,0.003,0.199,0.003,0.002,0.001,0.001,0.012,1.031,0.008,2.885,1.713,1.369,2.750
文字パッチ番号,0,0,1,1,1,2,2,2,3,3,3,4,4,4,5,5,5,6,6,6,7,7,7,8,8,8,9,9,9,10,10,10,11,11,11,12,12,12,13,13,13,14,14,14,15,15,15,16,16,16,17,17,17,18,19,19,19,20,20,20,21,21,21,22,23,23,23,24,24,24,25,25,25,26,26,26,27,27,27,28,28,28,29,29,29,30,30,30,31,31,31,32,32,32,33,33,33,
sum,12.353,,2.187,,,8.791,,,5.771,,,8.837,,,3.719,,,3.674,,,2.018,,,3.156,,,3.629,,,4.937,,,0.941,,,2.198,,,2.908,,,4.486,,,1.037,,,0.307,,,3.359,,,1.916,4.937,,,2.953,,,1.172,,,3.111,2.288,,,4.801,,,0.058,,,0.975,,,0.004,,,6.672,,,4.554,,,0.204,,,0.004,,,1.054,,,5.951,,,
sum/√ℓ (=H),7.123,,1.262,,,5.072,,,3.336,,,5.095,,,2.153,,,2.119,,,1.167,,,1.826,,,2.096,,,2.852,,,0.544,,,1.268,,,1.679,,,2.592,,,0.597,,,0.178,,,1.939,,,1.916,2.852,,,1.702,,,0.676,,,3.111,1.319,,,2.773,,,0.034,,,0.564,,,0.002,,,3.855,,,2.626,,,0.118,,,0.003,,,0.609,,,3.426,,,

■wiki-5,連用修飾語 用言に係る修飾語である（用言については「自立語」の節を参照）。
文字,連,,,用,,,修,,,飾,,,語,,, ,用,,,言,,,に,,,係,,,る,,,修,,,飾,,,語,,,で,,,あ,,,る,,,（,,,用,,,言,,,に,,,つ,,,い,,,て,,,は,,,「,,,自,,,立,,,語,,,」,,,の,,,節,,,を,,,参,,,照,,,）,,,。,,
バイト(hex),E9,80,A3,E7,94,A8,E4,BF,AE,E9,A3,BE,E8,AA,9E,20,E7,94,A8,E8,A8,80,E3,81,AB,E4,BF,82,E3,82,8B,E4,BF,AE,E9,A3,BE,E8,AA,9E,E3,81,A7,E3,81,82,E3,82,8B,EF,BC,88,E7,94,A8,E8,A8,80,E3,81,AB,E3,81,A4,E3,81,84,E3,81,A6,E3,81,AF,E3,80,8C,E8,87,AA,E7,AB,8B,E8,AA,9E,E3,80,8D,E3,81,AE,E7,AF,80,E3,82,92,E5,8F,82,E7,85,A7,EF,BC,89,E3,80,82
エントロピー(bits),5.027,3.088,2.356,4.125,1.167,2.536,1.905,0.409,2.401,1.403,1.533,2.502,3.697,0.238,1.826,2.491,4.869,2.559,2.592,0.473,0.363,2.322,1.657,2.953,0.187,2.739,1.612,0.342,0.569,0.039,3.156,2.626,0.186,0.713,0.468,0.116,2.299,0.156,0.003,2.367,1.014,2.333,0.150,0.397,1.691,0.001,0.144,0.493,1.302,0.018,1.031,1.167,1.882,0.143,0.044,0.231,0.003,2.277,0.671,0.812,1.155,1.144,3.787,0.009,0.073,0.783,0.002,0.003,0.003,1.274,1.403,0.423,2.547,0.617,0.547,2.739,3.021,0.789,2.029,1.353,0.000,2.683,0.468,0.075,0.332,0.278,0.030,0.964,1.403,2.232,2.592,1.167,0.941,2.142,1.121,0.013,0.135,0.023,0.000,0.027,0.000,0.000,0.935,0.001,0.043,0.263,0.380,0.293,2.773
文字パッチ番号,0,0,1,1,1,2,2,2,3,3,3,4,4,4,5,6,6,6,7,7,7,8,8,8,9,9,9,10,10,10,11,11,11,12,12,12,13,13,13,14,14,14,15,15,15,16,16,16,17,17,17,18,18,18,19,19,19,20,20,20,21,21,21,22,22,22,23,23,23,24,24,24,25,25,25,26,26,26,27,27,27,28,28,28,29,29,29,30,30,30,31,31,31,32,32,32,33,33,33,34,34,34,35,35,35,36,36,36,
sum,12.894,,7.664,,,4.847,,,5.342,,,6.447,,,1.826,9.919,,,3.426,,,6.943,,,4.531,,,0.952,,,5.951,,,1.296,,,2.457,,,5.726,,,2.243,,,0.640,,,2.356,,,3.201,,,0.278,,,3.765,,,6.086,,,0.868,,,0.008,,,3.111,,,3.719,,,6.537,,,3.381,,,3.224,,,0.640,,,4.599,,,4.689,,,3.269,,,0.158,,,0.027,,,0.981,,,0.935,,,
sum/√ℓ (=H),7.439,,4.418,,,2.795,,,3.088,,,3.719,,,1.826,5.726,,,1.984,,,4.012,,,2.615,,,0.549,,,3.426,,,0.750,,,1.420,,,3.314,,,1.296,,,0.369,,,1.358,,,1.848,,,0.160,,,2.175,,,3.517,,,0.502,,,0.005,,,1.792,,,2.153,,,3.765,,,1.950,,,1.860,,,0.369,,,2.660,,,2.705,,,1.882,,,0.091,,,0.016,,,0.566,,,0.541,,,

■wiki-6,『挿頭抄』（1767年）では今日で言う副詞の類を中心に論じた。
文字,『,,,挿,,,頭,,,抄,,,』,,,（,,,1,7,6,7,年,,,）,,,で,,,は,,,今,,,日,,,で,,,言,,,う,,,副,,,詞,,,の,,,類,,,を,,,中,,,心,,,に,,,論,,,じ,,,た,,,。,,
バイト(hex),E3,80,8E,E6,8C,BF,E9,A0,AD,E6,8A,84,E3,80,8F,EF,BC,88,31,37,36,37,E5,B9,B4,EF,BC,89,E3,81,A7,E3,81,AF,E4,BB,8A,E6,97,A5,E3,81,A7,E8,A8,80,E3,81,86,E5,89,AF,E8,A9,9E,E3,81,AE,E9,A1,9E,E3,82,92,E4,B8,AD,E5,BF,83,E3,81,AB,E8,AB,96,E3,81,98,E3,81,9F,E3,80,82
エントロピー(bits),1.736,1.612,3.381,4.982,2.356,1.144,0.716,0.007,3.021,4.621,1.905,0.997,0.023,0.221,0.139,0.001,0.020,0.324,0.564,3.404,3.269,0.190,0.008,0.001,2.840,0.051,0.941,0.092,0.024,0.471,0.496,0.008,0.090,1.206,2.254,2.976,1.443,1.657,0.003,0.256,0.029,0.659,0.507,4.080,0.420,0.251,0.981,0.340,1.279,4.576,1.454,2.333,2.750,1.623,0.727,0.992,2.299,1.003,4.396,1.860,1.792,0.975,0.907,2.446,1.758,3.156,0.823,0.383,0.102,0.027,0.003,1.031,1.961,0.716,1.133,1.291,0.013,0.006,0.009,0.043,0.609,2.254,1.612,1.279,2.254
文字パッチ番号,0,0,1,1,1,2,2,2,3,3,3,4,4,4,5,5,5,6,7,8,9,10,10,10,11,11,11,12,12,12,13,13,13,14,14,14,15,15,15,16,16,16,17,17,17,18,18,18,19,19,19,20,20,20,21,21,21,22,22,22,23,23,23,24,24,24,25,25,25,26,26,26,27,27,27,28,28,28,29,29,29,30,30,30,
sum,8.115,,10.730,,,1.871,,,9.558,,,1.240,,,0.161,,,0.324,0.564,3.404,3.269,0.199,,,3.832,,,0.586,,,0.595,,,6.447,,,3.111,,,0.947,,,5.004,,,1.567,,,7.304,,,6.718,,,4.012,,,7.259,,,3.674,,,7.349,,,1.307,,,1.059,,,3.810,,,1.307,,,0.659,,,5.140,,,
sum/√ℓ (=H),4.689,,6.177,,,1.082,,,5.523,,,0.716,,,0.093,,,0.324,0.564,3.404,3.269,0.115,,,2.209,,,0.338,,,0.344,,,3.719,,,1.792,,,0.547,,,2.885,,,0.907,,,4.215,,,3.877,,,2.322,,,4.193,,,2.119,,,4.238,,,0.755,,,0.611,,,2.198,,,0.755,,,0.380,,,2.976,,,

■wiki-7,次に時代ごとの活用を対照した表を掲げる。
文字,次,,,に,,,時,,,代,,,ご,,,と,,,の,,,活,,,用,,,を,,,対,,,照,,,し,,,た,,,表,,,を,,,掲,,,げ,,,る,,,。,,
バイト(hex),E6,AC,A1,E3,81,AB,E6,99,82,E4,BB,A3,E3,81,94,E3,81,A8,E3,81,AE,E6,B4,BB,E7,94,A8,E3,82,92,E5,AF,BE,E7,85,A7,E3,81,97,E3,81,9F,E8,A1,A8,E3,82,92,E6,8E,B2,E3,81,92,E3,82,8B,E3,80,82
エントロピー(bits),5.117,0.772,2.435,1.076,0.411,2.750,4.306,1.099,2.559,0.772,0.473,2.108,1.065,2.660,2.604,0.031,0.262,0.278,0.196,0.203,2.885,4.869,2.006,1.285,0.564,0.015,2.108,1.589,0.310,2.784,4.215,1.392,1.127,2.085,0.000,1.668,0.162,1.860,0.128,0.328,0.538,1.634,3.877,1.488,1.037,1.014,0.409,2.604,3.314,0.868,1.477,0.000,0.000,0.203,1.555,0.086,1.815,1.392,0.157,2.976
文字パッチ番号,0,0,1,1,1,2,2,2,3,3,3,4,4,4,5,5,5,6,6,6,7,7,7,8,8,8,9,9,9,10,10,10,11,11,11,12,12,12,13,13,13,14,14,14,15,15,15,16,16,16,17,17,17,18,18,18,19,19,19,
sum,10.640,,3.922,,,8.160,,,3.810,,,5.816,,,2.885,,,0.676,,,9.738,,,1.860,,,4.012,,,8.386,,,3.224,,,3.697,,,0.992,,,6.988,,,2.457,,,6.763,,,1.477,,,1.848,,,3.359,,,
sum/√ℓ (=H),6.131,,2.265,,,4.711,,,2.198,,,3.359,,,1.668,,,0.392,,,5.613,,,1.076,,,2.322,,,4.847,,,1.860,,,2.130,,,0.572,,,4.035,,,1.420,,,3.900,,,0.851,,,1.065,,,1.939,,,

■wiki-8,また、「た行」では「つ」の子音のみ  を用いる。
文字,ま,,,た,,,、,,,「,,,た,,,行,,,」,,,で,,,は,,,「,,,つ,,,」,,,の,,,子,,,音,,,の,,,み,,, , ,を,,,用,,,い,,,る,,,。,,
バイト(hex),E3,81,BE,E3,81,9F,E3,80,81,E3,80,8C,E3,81,9F,E8,A1,8C,E3,80,8D,E3,81,A7,E3,81,AF,E3,80,8C,E3,81,A4,E3,80,8D,E3,81,AE,E5,AD,90,E9,9F,B3,E3,81,AE,E3,81,BF,20,20,E3,82,92,E7,94,A8,E3,81,84,E3,82,8B,E3,80,82
エントロピー(bits),1.736,4.779,0.035,0.958,3.246,0.868,1.324,0.049,3.471,1.995,0.600,3.156,1.623,4.463,0.017,3.900,0.127,0.637,0.885,0.081,0.620,0.721,2.187,0.744,0.363,0.564,2.525,1.392,0.885,1.200,0.766,4.238,0.179,1.138,0.015,0.400,0.595,2.299,2.660,3.178,0.097,1.634,0.142,0.005,1.871,1.133,2.378,2.806,1.612,3.066,1.296,3.314,0.676,0.349,0.840,2.683,2.784,1.037,0.002,0.000,0.002,0.024,0.783,0.081,1.702,1.048,0.035,2.299
文字パッチ番号,0,0,1,1,1,2,2,2,3,3,3,4,4,4,5,5,5,6,6,6,7,7,7,8,8,8,9,9,9,10,10,10,11,11,11,12,12,12,13,13,13,14,14,14,15,15,15,16,16,16,17,18,19,19,19,20,20,20,21,21,21,22,22,22,23,23,23,
sum,11.271,,4.238,,,2.243,,,6.086,,,9.242,,,4.035,,,1.600,,,3.517,,,1.668,,,4.801,,,6.222,,,1.330,,,3.291,,,5.951,,,1.781,,,5.388,,,7.484,,,1.296,3.314,1.871,,,6.492,,,0.005,,,0.890,,,2.784,,,
sum/√ℓ (=H),6.492,,2.446,,,1.296,,,3.517,,,5.342,,,2.333,,,0.924,,,2.029,,,0.964,,,2.773,,,3.584,,,0.766,,,1.905,,,3.426,,,1.026,,,3.111,,,4.328,,,1.296,3.314,1.082,,,3.742,,,0.003,,,0.513,,,1.612,,,

■wiki-9,文章を構成素とした文章では、従属節が常に先行する。
文字,文,,,章,,,を,,,構,,,成,,,素,,,と,,,し,,,た,,,文,,,章,,,で,,,は,,,、,,,従,,,属,,,節,,,が,,,常,,,に,,,先,,,行,,,す,,,る,,,。,,
バイト(hex),E6,96,87,E7,AB,A0,E3,82,92,E6,A7,8B,E6,88,90,E7,B4,A0,E3,81,A8,E3,81,97,E3,81,9F,E6,96,87,E7,AB,A0,E3,81,A7,E3,81,AF,E3,80,81,E5,BE,93,E5,B1,9E,E7,AF,80,E3,81,8C,E5,B8,B8,E3,81,AB,E5,85,88,E8,A1,8C,E3,81,99,E3,82,8B,E3,80,82
エントロピー(bits),5.117,2.435,2.333,4.125,0.544,2.559,1.555,2.885,2.885,4.080,0.046,1.059,0.006,0.185,0.099,0.178,0.292,0.066,0.007,1.369,0.046,0.002,0.868,0.023,0.058,0.958,2.795,4.148,1.212,1.398,0.626,0.000,2.570,1.702,2.930,0.783,0.719,1.522,1.105,0.417,0.099,2.930,4.892,1.882,1.319,0.651,0.597,2.502,0.902,0.361,1.939,1.646,2.536,2.953,4.847,2.513,1.324,0.071,0.016,2.761,4.756,2.626,2.142,1.313,0.002,1.161,0.271,0.935,0.003,0.008,0.006,1.950,1.713,1.657,2.683
文字パッチ番号,0,0,1,1,1,2,2,2,3,3,3,4,4,4,5,5,5,6,6,6,7,7,7,8,8,8,9,9,9,10,10,10,11,11,11,12,12,12,13,13,13,14,14,14,15,15,15,16,16,16,17,17,17,18,18,18,19,19,19,20,20,20,21,21,21,22,22,22,23,23,23,24,24,24,
sum,12.263,,6.988,,,6.988,,,7.033,,,1.251,,,0.569,,,1.443,,,0.919,,,1.037,,,8.160,,,2.029,,,7.213,,,3.021,,,1.623,,,9.693,,,2.570,,,3.765,,,6.131,,,10.324,,,1.409,,,10.144,,,3.449,,,2.367,,,0.016,,,5.320,,,
sum/√ℓ (=H),7.078,,4.035,,,4.035,,,4.058,,,0.721,,,0.328,,,0.834,,,0.530,,,0.597,,,4.711,,,1.172,,,4.170,,,1.747,,,0.935,,,5.590,,,1.488,,,2.175,,,3.539,,,5.951,,,0.812,,,5.861,,,1.995,,,1.364,,,0.009,,,3.066,,,

■wiki-10,いくつかの子音では、前舌面を硬口蓋に近づける口蓋化が起こる。
文字,い,,,く,,,つ,,,か,,,の,,,子,,,音,,,で,,,は,,,、,,,前,,,舌,,,面,,,を,,,硬,,,口,,,蓋,,,に,,,近,,,づ,,,け,,,る,,,口,,,蓋,,,化,,,が,,,起,,,こ,,,る,,,。,,
バイト(hex),E3,81,84,E3,81,8F,E3,81,A4,E3,81,8B,E3,81,AE,E5,AD,90,E9,9F,B3,E3,81,A7,E3,81,AF,E3,80,81,E5,89,8D,E8,88,8C,E9,9D,A2,E3,82,92,E7,A1,AC,E5,8F,A3,E8,93,8B,E3,81,AB,E8,BF,91,E3,81,A5,E3,81,91,E3,82,8B,E5,8F,A3,E8,93,8B,E5,8C,96,E3,81,8C,E8,B5,B7,E3,81,93,E3,82,8B,E3,80,82
エントロピー(bits),1.736,4.779,0.062,0.986,4.531,0.524,0.524,0.823,0.834,0.930,0.175,0.564,0.147,0.038,2.604,5.004,1.477,2.142,2.874,0.002,1.319,1.358,1.905,1.319,0.997,2.356,1.313,0.952,0.072,3.426,3.990,0.220,2.491,1.533,1.578,2.446,0.240,1.381,1.612,0.744,1.600,2.671,4.215,0.448,1.916,0.345,0.166,2.649,3.855,0.020,2.728,1.212,2.401,2.164,3.359,1.454,0.072,0.003,0.323,0.004,0.004,0.369,0.225,1.257,0.317,1.736,4.869,2.187,2.311,0.021,0.011,2.412,3.291,1.003,0.868,1.127,2.513,2.649,2.885,0.001,0.021,0.002,0.840,0.002,0.442,1.037,1.758,0.693,0.035,2.683
文字パッチ番号,0,0,1,1,1,2,2,2,3,3,3,4,4,4,5,5,5,6,6,6,7,7,7,8,8,8,9,9,9,10,10,10,11,11,11,12,12,12,13,13,13,14,14,14,15,15,15,16,16,16,17,17,17,18,18,18,19,19,19,20,20,20,21,21,21,22,22,22,23,23,23,24,24,24,25,25,25,26,26,26,27,27,27,28,28,28,29,29,29,
sum,11.271,,5.590,,,1.871,,,1.939,,,0.750,,,9.107,,,5.027,,,4.576,,,4.666,,,2.333,,,7.619,,,5.590,,,4.058,,,3.967,,,7.349,,,2.423,,,6.537,,,6.357,,,6.988,,,0.397,,,0.378,,,1.803,,,8.791,,,2.344,,,6.718,,,4.508,,,5.545,,,0.862,,,1.477,,,2.491,,,
sum/√ℓ (=H),6.492,,3.224,,,1.082,,,1.121,,,0.434,,,5.252,,,2.908,,,2.637,,,2.694,,,1.347,,,4.396,,,3.224,,,2.344,,,2.288,,,4.238,,,1.398,,,3.765,,,3.674,,,4.035,,,0.230,,,0.218,,,1.043,,,5.072,,,1.353,,,3.877,,,2.604,,,3.201,,,0.499,,,0.851,,,1.437,,,

■wiki-11,また、日本語成立由来という観点からの研究も存在する（『日本語の起源』を参照）。
文字,ま,,,た,,,、,,,日,,,本,,,語,,,成,,,立,,,由,,,来,,,と,,,い,,,う,,,観,,,点,,,か,,,ら,,,の,,,研,,,究,,,も,,,存,,,在,,,す,,,る,,,（,,,『,,,日,,,本,,,語,,,の,,,起,,,源,,,』,,,を,,,参,,,照,,,）,,,。,,
バイト(hex),E3,81,BE,E3,81,9F,E3,80,81,E6,97,A5,E6,9C,AC,E8,AA,9E,E6,88,90,E7,AB,8B,E7,94,B1,E6,9D,A5,E3,81,A8,E3,81,84,E3,81,86,E8,A6,B3,E7,82,B9,E3,81,8B,E3,82,89,E3,81,AE,E7,A0,94,E7,A9,B6,E3,82,82,E5,AD,98,E5,9C,A8,E3,81,99,E3,82,8B,EF,BC,88,E3,80,8E,E6,97,A5,E6,9C,AC,E8,AA,9E,E3,81,AE,E8,B5,B7,E6,BA,90,E3,80,8F,E3,82,92,E5,8F,82,E7,85,A7,EF,BC,89,E3,80,82
エントロピー(bits),1.736,4.779,0.035,0.958,3.246,0.868,1.324,0.049,3.471,4.328,0.471,0.772,0.035,0.016,2.265,3.088,0.516,1.082,2.322,1.403,0.981,0.631,0.059,1.792,3.877,1.105,0.117,0.034,0.000,0.359,0.778,0.707,1.555,0.203,2.187,0.006,0.003,0.254,2.367,2.288,1.860,0.789,0.003,0.002,0.113,0.772,1.792,0.000,0.000,0.000,2.277,0.502,3.494,2.761,4.148,0.013,0.039,0.000,0.001,1.522,1.544,1.234,1.736,3.336,0.158,0.159,0.012,0.000,0.041,0.216,0.417,0.002,0.001,0.067,0.394,0.011,0.334,2.389,0.389,0.428,3.359,2.829,0.069,0.465,0.002,0.001,0.409,0.020,0.000,2.446,1.792,2.254,2.367,2.063,0.021,0.209,0.073,0.002,0.902,0.941,0.285,2.559,1.426,1.189,0.907,0.502,0.000,0.016,0.000,0.000,0.214,0.000,0.010,0.097,0.112,0.005,0.874
文字パッチ番号,0,0,1,1,1,2,2,2,3,3,3,4,4,4,5,5,5,6,6,6,7,7,7,8,8,8,9,9,9,10,10,10,11,11,11,12,12,12,13,13,13,14,14,14,15,15,15,16,16,16,17,17,17,18,18,18,19,19,19,20,20,20,21,21,21,22,22,22,23,23,23,24,24,24,25,25,25,26,26,26,27,27,27,28,28,28,29,29,29,30,30,30,31,31,31,32,32,32,33,33,33,34,34,34,35,35,35,36,36,36,37,37,37,38,38,38,
sum,11.271,,4.238,,,2.243,,,8.250,,,0.823,,,5.861,,,4.801,,,1.668,,,6.763,,,0.151,,,1.848,,,3.945,,,0.262,,,6.492,,,0.795,,,2.683,,,0.001,,,6.267,,,6.943,,,0.040,,,4.306,,,5.230,,,0.171,,,0.673,,,0.069,,,0.738,,,3.201,,,6.267,,,0.468,,,0.428,,,6.492,,,4.441,,,0.283,,,2.130,,,5.185,,,1.409,,,0.016,,,0.224,,,0.214,,,
sum/√ℓ (=H),6.492,,2.446,,,1.296,,,4.756,,,0.476,,,3.381,,,2.773,,,0.964,,,3.900,,,0.087,,,1.065,,,2.277,,,0.151,,,3.742,,,0.459,,,1.544,,,0.000,,,3.629,,,4.012,,,0.023,,,2.491,,,3.021,,,0.099,,,0.389,,,0.040,,,0.425,,,1.848,,,3.629,,,0.271,,,0.248,,,3.742,,,2.559,,,0.163,,,1.229,,,2.998,,,0.812,,,0.009,,,0.130,,,0.124,,,

■wiki-12,普通体と丁寧体の違いは次のように現れる。
文字,普,,,通,,,体,,,と,,,丁,,,寧,,,体,,,の,,,違,,,い,,,は,,,次,,,の,,,よ,,,う,,,に,,,現,,,れ,,,る,,,。,,
バイト(hex),E6,99,AE,E9,80,9A,E4,BD,93,E3,81,A8,E4,B8,81,E5,AF,A7,E4,BD,93,E3,81,AE,E9,81,95,E3,81,84,E3,81,AF,E6,AC,A1,E3,81,AE,E3,82,88,E3,81,86,E3,81,AB,E7,8F,BE,E3,82,8C,E3,82,8B,E3,80,82
エントロピー(bits),5.117,1.972,2.344,3.517,0.131,2.130,2.581,1.065,2.254,1.803,3.584,2.130,1.826,2.750,1.477,2.637,0.209,1.781,0.310,0.001,1.116,0.516,1.882,2.818,0.507,0.344,0.002,0.001,0.331,1.454,0.885,2.085,1.251,3.021,0.755,0.518,0.005,0.101,1.713,0.259,0.027,0.004,0.018,0.000,0.062,0.001,0.518,1.071,3.517,0.018,0.075,0.058,0.030,0.003,1.009,0.002,0.366,0.211,0.051,2.750
文字パッチ番号,0,0,1,1,1,2,2,2,3,3,3,4,4,4,5,5,5,6,6,6,7,7,7,8,8,8,9,9,9,10,10,10,11,11,11,12,12,12,13,13,13,14,14,14,15,15,15,16,16,16,17,17,17,18,18,18,19,19,19,
sum,11.812,,5.996,,,5.771,,,7.664,,,6.718,,,4.328,,,2.096,,,3.517,,,3.674,,,0.334,,,4.418,,,5.027,,,0.626,,,1.995,,,0.022,,,0.580,,,4.599,,,0.163,,,1.014,,,0.628,,,
sum/√ℓ (=H),6.808,,3.471,,,3.336,,,4.418,,,3.877,,,2.502,,,1.212,,,2.029,,,2.119,,,0.193,,,2.547,,,2.908,,,0.361,,,1.150,,,0.013,,,0.335,,,2.660,,,0.094,,,0.586,,,0.363,,,

■wiki-13,また、「イウ」 、「エウ」  などの二重母音は、、 という拗長音に変化した。
文字,ま,,,た,,,、,,,「,,,イ,,,ウ,,,」,,, ,、,,,「,,,エ,,,ウ,,,」,,, , ,な,,,ど,,,の,,,二,,,重,,,母,,,音,,,は,,,、,,,、,,, ,と,,,い,,,う,,,拗,,,長,,,音,,,に,,,変,,,化,,,し,,,た,,,。,,
バイト(hex),E3,81,BE,E3,81,9F,E3,80,81,E3,80,8C,E3,82,A4,E3,82,A6,E3,80,8D,20,E3,80,81,E3,80,8C,E3,82,A8,E3,82,A6,E3,80,8D,20,20,E3,81,AA,E3,81,A9,E3,81,AE,E4,BA,8C,E9,87,8D,E6,AF,8D,E9,9F,B3,E3,81,AF,E3,80,81,E3,80,81,20,E3,81,A8,E3,81,84,E3,81,86,E6,8B,97,E9,95,B7,E9,9F,B3,E3,81,AB,E5,A4,89,E5,8C,96,E3,81,97,E3,81,9F,E3,80,82
エントロピー(bits),1.736,4.779,0.035,0.958,3.246,0.868,1.324,0.049,3.471,1.995,0.600,3.156,1.623,4.711,0.010,0.913,3.584,0.017,0.671,0.278,0.378,3.246,0.609,0.958,1.121,0.282,0.031,0.485,1.364,3.922,0.020,1.358,3.787,0.028,0.527,0.002,1.144,0.218,0.704,0.564,2.446,0.001,0.303,0.026,0.380,0.349,1.600,2.288,1.826,2.660,2.164,0.783,0.278,2.063,1.245,0.755,1.127,0.000,0.000,0.896,1.003,2.401,1.347,1.014,0.907,2.852,1.972,0.199,1.724,1.324,1.212,3.066,1.578,0.992,2.908,0.011,0.006,1.059,2.559,1.736,0.145,1.533,0.030,0.000,2.502,0.083,0.002,1.623,1.150,2.164,2.502,2.085,0.105,1.003,0.091,0.000,0.070,0.024,1.245,0.038,0.575,1.319,1.099,1.499,0.420,1.950
文字パッチ番号,0,0,1,1,1,2,2,2,3,3,3,4,4,4,5,5,5,6,6,6,7,8,8,8,9,9,9,10,10,10,11,11,11,12,12,12,13,14,15,15,15,16,16,16,17,17,17,18,18,18,19,19,19,20,20,20,21,21,21,22,22,22,23,23,23,24,24,24,25,26,26,26,27,27,27,28,28,28,29,29,29,30,30,30,31,31,31,32,32,32,33,33,33,34,34,34,35,35,35,36,36,36,37,37,37,
sum,11.271,,4.238,,,2.243,,,6.086,,,9.468,,,4.508,,,0.964,,,0.378,4.824,,,1.431,,,5.771,,,5.162,,,0.558,,,1.144,0.218,3.719,,,0.331,,,2.333,,,6.763,,,3.224,,,4.058,,,1.127,,,4.306,,,3.269,,,5.027,,,1.724,5.590,,,5.478,,,1.076,,,4.441,,,1.567,,,2.581,,,4.937,,,4.689,,,1.093,,,1.341,,,1.927,,,3.021,,,
sum/√ℓ (=H),6.492,,2.446,,,1.296,,,3.517,,,5.455,,,2.604,,,0.555,,,0.378,2.784,,,0.828,,,3.336,,,2.976,,,0.323,,,1.144,0.218,2.153,,,0.192,,,1.347,,,3.900,,,1.860,,,2.344,,,0.651,,,2.491,,,1.882,,,2.908,,,1.724,3.224,,,3.156,,,0.623,,,2.559,,,0.907,,,1.488,,,2.852,,,2.705,,,0.631,,,0.772,,,1.110,,,1.747,,,

■wiki-14,井上史雄の分類に即して述べると、若者言葉と称されるものは以下のように分類される。
文字,井,,,上,,,史,,,雄,,,の,,,分,,,類,,,に,,,即,,,し,,,て,,,述,,,べ,,,る,,,と,,,、,,,若,,,者,,,言,,,葉,,,と,,,称,,,さ,,,れ,,,る,,,も,,,の,,,は,,,以,,,下,,,の,,,よ,,,う,,,に,,,分,,,類,,,さ,,,れ,,,る,,,。,,
バイト(hex),E4,BA,95,E4,B8,8A,E5,8F,B2,E9,9B,84,E3,81,AE,E5,88,86,E9,A1,9E,E3,81,AB,E5,8D,B3,E3,81,97,E3,81,A6,E8,BF,B0,E3,81,B9,E3,82,8B,E3,81,A8,E3,80,81,E8,8B,A5,E8,80,85,E8,A8,80,E8,91,89,E3,81,A8,E7,A7,B0,E3,81,95,E3,82,8C,E3,82,8B,E3,82,82,E3,81,AE,E3,81,AF,E4,BB,A5,E4,B8,8B,E3,81,AE,E3,82,88,E3,81,86,E3,81,AB,E5,88,86,E9,A1,9E,E3,81,95,E3,82,8C,E3,82,8B,E3,80,82
エントロピー(bits),2.333,3.629,2.085,0.109,0.279,1.026,4.689,3.449,2.018,0.479,0.094,1.307,1.758,2.029,3.426,4.441,2.265,2.096,2.063,0.044,1.905,0.640,1.758,0.817,0.800,0.668,0.002,0.029,0.046,0.628,0.170,0.366,2.277,2.356,0.719,0.116,0.023,0.119,0.023,0.885,0.688,1.206,1.262,2.604,1.088,0.558,0.564,3.246,4.689,1.555,1.950,2.243,0.077,0.521,2.536,3.201,1.837,0.186,0.000,0.766,1.043,2.626,1.691,4.869,1.702,0.266,0.034,1.465,0.008,0.028,0.158,0.159,1.020,0.140,1.995,1.634,3.471,0.093,0.014,0.011,0.170,0.738,2.885,2.660,2.018,2.649,0.462,0.013,0.201,0.110,0.156,0.538,1.736,0.992,0.135,0.001,0.006,0.003,0.006,0.005,0.159,1.375,2.468,1.059,1.133,0.002,0.000,0.175,0.115,1.600,0.003,0.003,0.009,0.025,0.969,0.010,0.417,0.907,0.051,1.251
文字パッチ番号,0,0,1,1,1,2,2,2,3,3,3,4,4,4,5,5,5,6,6,6,7,7,7,8,8,8,9,9,9,10,10,10,11,11,11,12,12,12,13,13,13,14,14,14,15,15,15,16,16,16,17,17,17,18,18,18,19,19,19,20,20,20,21,21,21,22,22,22,23,23,23,24,24,24,25,25,25,26,26,26,27,27,27,28,28,28,29,29,29,30,30,30,31,31,31,32,32,32,33,33,33,34,34,34,35,35,35,36,36,36,37,37,37,38,38,38,39,39,39,
sum,10.730,,2.468,,,9.152,,,2.592,,,5.095,,,10.144,,,4.193,,,4.306,,,2.288,,,0.077,,,1.167,,,5.342,,,0.258,,,1.600,,,5.072,,,2.209,,,9.468,,,4.260,,,6.267,,,2.029,,,4.441,,,8.250,,,1.770,,,0.194,,,1.319,,,7.123,,,0.118,,,3.787,,,7.304,,,0.676,,,0.806,,,2.863,,,0.010,,,0.170,,,4.914,,,1.133,,,1.894,,,0.015,,,1.003,,,1.375,,,
sum/√ℓ (=H),6.177,,1.426,,,5.275,,,1.499,,,2.930,,,5.861,,,2.423,,,2.491,,,1.319,,,0.044,,,0.673,,,3.088,,,0.149,,,0.924,,,2.930,,,1.274,,,5.455,,,2.457,,,3.629,,,1.172,,,2.559,,,4.756,,,1.020,,,0.112,,,0.761,,,4.103,,,0.068,,,2.187,,,4.215,,,0.392,,,0.465,,,1.657,,,0.006,,,0.099,,,2.840,,,0.654,,,1.093,,,0.009,,,0.580,,,0.795,,,

■wiki-15,日本語にもこの用法があり、赤の他人を「お父さん」「お母さん」と呼ぶことがある。
文字,日,,,本,,,語,,,に,,,も,,,こ,,,の,,,用,,,法,,,が,,,あ,,,り,,,、,,,赤,,,の,,,他,,,人,,,を,,,「,,,お,,,父,,,さ,,,ん,,,」,,,「,,,お,,,母,,,さ,,,ん,,,」,,,と,,,呼,,,ぶ,,,こ,,,と,,,が,,,あ,,,る,,,。,,
バイト(hex),E6,97,A5,E6,9C,AC,E8,AA,9E,E3,81,AB,E3,82,82,E3,81,93,E3,81,AE,E7,94,A8,E6,B3,95,E3,81,8C,E3,81,82,E3,82,8A,E3,80,81,E8,B5,A4,E3,81,AE,E4,BB,96,E4,BA,BA,E3,82,92,E3,80,8C,E3,81,8A,E7,88,B6,E3,81,95,E3,82,93,E3,80,8D,E3,80,8C,E3,81,8A,E6,AF,8D,E3,81,95,E3,82,93,E3,80,8D,E3,81,A8,E5,91,BC,E3,81,B6,E3,81,93,E3,81,A8,E3,81,8C,E3,81,82,E3,82,8B,E3,80,82
エントロピー(bits),5.117,2.502,1.544,0.609,0.039,2.705,4.531,1.544,2.446,1.268,2.074,0.434,0.375,0.130,2.480,0.462,1.747,0.003,0.958,0.068,0.572,2.480,0.132,0.513,0.180,0.005,0.280,0.606,2.480,0.306,0.036,0.207,0.012,0.053,0.840,0.541,0.366,0.046,2.401,2.885,0.676,2.299,1.431,3.111,2.806,1.860,1.950,2.299,0.397,0.062,1.324,1.026,1.336,2.525,1.183,0.795,2.637,1.691,4.689,2.142,4.215,0.347,0.462,0.204,0.001,0.004,0.094,0.000,0.230,0.673,0.055,0.425,0.702,0.659,1.995,0.583,3.832,2.491,2.254,0.009,0.130,0.092,0.000,0.007,0.021,0.000,0.077,0.085,0.004,0.185,0.583,1.691,2.040,0.795,0.028,0.448,0.561,1.172,0.969,1.217,2.108,0.005,0.017,0.001,0.106,0.840,1.477,1.454,0.196,0.187,0.003,0.089,0.665,1.133,0.609,0.162,2.277
文字パッチ番号,0,0,1,1,1,2,2,2,3,3,3,4,4,4,5,5,5,6,6,6,7,7,7,8,8,8,9,9,9,10,10,10,11,11,11,12,12,12,13,13,13,14,14,14,15,15,15,16,16,16,17,17,17,18,18,18,19,19,19,20,20,20,21,21,21,22,22,22,23,23,23,24,24,24,25,25,25,26,26,26,27,27,27,28,28,28,29,29,29,30,30,30,31,31,31,32,32,32,33,33,33,34,34,34,35,35,35,36,36,36,37,37,37,38,38,38,
sum,12.353,,2.187,,,8.791,,,5.771,,,0.941,,,4.689,,,1.031,,,3.178,,,0.699,,,3.359,,,0.549,,,0.902,,,0.952,,,5.951,,,6.853,,,6.627,,,2.761,,,3.697,,,4.508,,,9.017,,,6.718,,,0.668,,,0.099,,,0.958,,,1.781,,,6.402,,,4.756,,,0.223,,,0.028,,,0.166,,,2.457,,,2.863,,,2.187,,,4.283,,,0.024,,,2.423,,,1.837,,,0.755,,,1.905,,,
sum/√ℓ (=H),7.123,,1.262,,,5.072,,,3.336,,,0.544,,,2.705,,,0.595,,,1.837,,,0.403,,,1.939,,,0.317,,,0.521,,,0.549,,,3.426,,,3.967,,,3.832,,,1.589,,,2.130,,,2.604,,,5.207,,,3.877,,,0.386,,,0.057,,,0.552,,,1.026,,,3.697,,,2.750,,,0.128,,,0.016,,,0.096,,,1.420,,,1.657,,,1.262,,,2.468,,,0.014,,,1.398,,,1.059,,,0.437,,,1.099,,,

■wiki-16,ところが、「兄が部屋で教えています。
文字,と,,,こ,,,ろ,,,が,,,、,,,「,,,兄,,,が,,,部,,,屋,,,で,,,教,,,え,,,て,,,い,,,ま,,,す,,,。,,
バイト(hex),E3,81,A8,E3,81,93,E3,82,8D,E3,81,8C,E3,80,81,E3,80,8C,E5,85,84,E3,81,8C,E9,83,A8,E5,B1,8B,E3,81,A7,E6,95,99,E3,81,88,E3,81,A6,E3,81,84,E3,81,BE,E3,81,99,E3,80,82
エントロピー(bits),1.736,4.779,0.093,0.617,3.787,0.561,0.992,0.690,0.142,0.168,2.525,2.491,1.736,0.716,2.930,1.088,1.600,2.863,5.027,3.404,2.119,0.789,3.269,2.592,4.373,1.138,1.386,1.138,0.000,1.403,1.116,2.096,2.491,4.531,1.668,2.198,0.493,0.002,0.031,0.696,1.031,0.378,0.885,1.600,0.010,0.795,0.981,0.010,0.001,0.896,0.378,1.533,0.496,2.187
文字パッチ番号,0,0,1,1,1,2,2,2,3,3,3,4,4,4,5,5,5,6,6,6,7,7,7,8,8,8,9,9,9,10,10,10,11,11,11,12,12,12,13,13,13,14,14,14,15,15,15,16,16,16,17,17,17,
sum,11.271,,4.508,,,2.243,,,2.829,,,4.937,,,5.613,,,11.271,,,6.177,,,8.115,,,2.525,,,4.621,,,8.701,,,2.694,,,1.758,,,2.863,,,1.781,,,0.907,,,2.412,,,
sum/√ℓ (=H),6.492,,2.604,,,1.296,,,1.634,,,2.852,,,3.246,,,6.492,,,3.562,,,4.689,,,1.454,,,2.671,,,5.027,,,1.555,,,1.014,,,1.657,,,1.026,,,0.524,,,1.392,,,

■wiki-17,この文字はドイツのフラクトゥールで使われたほか、ゲール文字でも使用される。
文字,こ,,,の,,,文,,,字,,,は,,,ド,,,イ,,,ツ,,,の,,,フ,,,ラ,,,ク,,,ト,,,ゥ,,,ー,,,ル,,,で,,,使,,,わ,,,れ,,,た,,,ほ,,,か,,,、,,,ゲ,,,ー,,,ル,,,文,,,字,,,で,,,も,,,使,,,用,,,さ,,,れ,,,る,,,。,,
バイト(hex),E3,81,93,E3,81,AE,E6,96,87,E5,AD,97,E3,81,AF,E3,83,89,E3,82,A4,E3,83,84,E3,81,AE,E3,83,95,E3,83,A9,E3,82,AF,E3,83,88,E3,82,A5,E3,83,BC,E3,83,AB,E3,81,A7,E4,BD,BF,E3,82,8F,E3,82,8C,E3,81,9F,E3,81,BB,E3,81,8B,E3,80,81,E3,82,B2,E3,83,BC,E3,83,AB,E6,96,87,E5,AD,97,E3,81,A7,E3,82,82,E4,BD,BF,E7,94,A8,E3,81,95,E3,82,8C,E3,82,8B,E3,80,82
エントロピー(bits),1.736,4.779,0.045,0.795,1.792,2.649,3.404,0.578,1.589,0.225,0.008,0.310,0.727,2.040,1.634,1.071,5.072,0.006,0.941,0.197,0.005,0.001,0.088,1.499,0.609,0.862,2.976,1.567,4.914,0.002,0.890,2.389,0.002,0.050,0.196,0.009,0.102,3.359,0.473,0.493,3.810,0.005,0.868,1.589,0.020,0.659,1.347,1.770,1.234,1.950,2.389,1.251,1.082,0.997,0.072,0.002,0.002,0.009,0.001,0.111,0.981,0.947,2.649,1.950,3.404,0.023,0.064,2.299,0.750,0.597,0.018,3.133,1.668,4.148,0.001,0.428,2.299,0.004,0.223,2.953,0.122,0.617,0.011,0.073,0.132,0.000,0.857,1.240,2.784,1.770,1.223,1.415,2.683,1.110,0.280,0.530,0.001,0.000,0.445,0.030,0.981,0.001,0.003,0.005,0.055,1.054,0.016,2.344,1.950,1.127,2.356
文字パッチ番号,0,0,1,1,1,2,2,2,3,3,3,4,4,4,5,5,5,6,6,6,7,7,7,8,8,8,9,9,9,10,10,10,11,11,11,12,12,12,13,13,13,14,14,14,15,15,15,16,16,16,17,17,17,18,18,18,19,19,19,20,20,20,21,21,21,22,22,22,23,23,23,24,24,24,25,25,25,26,26,26,27,27,27,28,28,28,29,29,29,30,30,30,31,31,31,32,32,32,33,33,33,34,34,34,35,35,35,36,36,36,
sum,11.271,,2.626,,,6.627,,,1.826,,,3.066,,,7.754,,,1.144,,,0.094,,,2.976,,,9.468,,,3.291,,,0.248,,,3.471,,,4.779,,,2.457,,,2.029,,,4.959,,,4.734,,,1.071,,,0.011,,,2.040,,,8.025,,,2.389,,,1.364,,,8.927,,,2.728,,,3.178,,,0.750,,,0.206,,,4.869,,,4.418,,,4.080,,,0.530,,,1.454,,,0.009,,,1.127,,,5.410,,,
sum/√ℓ (=H),6.492,,1.522,,,3.832,,,1.054,,,1.770,,,4.486,,,0.659,,,0.054,,,1.713,,,5.455,,,1.905,,,0.143,,,2.006,,,2.761,,,1.420,,,1.172,,,2.863,,,2.728,,,0.617,,,0.007,,,1.178,,,4.644,,,1.381,,,0.789,,,5.162,,,1.578,,,1.837,,,0.434,,,0.119,,,2.806,,,2.547,,,2.356,,,0.306,,,0.840,,,0.005,,,0.651,,,3.133,,,

■wiki-18,外来音「ディ」「ズィ」の子音は口蓋化した   および  を用いる。
文字,外,,,来,,,音,,,「,,,デ,,,ィ,,,」,,,「,,,ズ,,,ィ,,,」,,,の,,,子,,,音,,,は,,,口,,,蓋,,,化,,,し,,,た,,, , , ,お,,,よ,,,び,,, , ,を,,,用,,,い,,,る,,,。,,
バイト(hex),E5,A4,96,E6,9D,A5,E9,9F,B3,E3,80,8C,E3,83,87,E3,82,A3,E3,80,8D,E3,80,8C,E3,82,BA,E3,82,A3,E3,80,8D,E3,81,AE,E5,AD,90,E9,9F,B3,E3,81,AF,E5,8F,A3,E8,93,8B,E5,8C,96,E3,81,97,E3,81,9F,20,20,20,E3,81,8A,E3,82,88,E3,81,B3,20,20,E3,82,92,E7,94,A8,E3,81,84,E3,82,8B,E3,80,82
エントロピー(bits),5.117,2.119,2.491,4.756,2.829,2.491,4.396,1.668,1.454,1.026,2.018,2.209,1.995,5.185,0.011,1.155,2.908,0.021,1.082,0.659,1.860,0.795,0.702,0.247,1.330,4.734,0.078,0.823,4.599,0.738,1.296,0.001,2.209,1.251,2.187,2.074,2.953,0.235,2.085,0.013,0.004,1.307,0.620,1.826,1.398,3.922,0.857,2.322,1.014,0.823,1.984,2.953,0.242,0.611,0.614,2.198,0.106,1.178,1.251,2.930,3.652,3.133,2.604,1.454,3.652,1.623,1.020,0.907,0.019,0.015,0.037,2.570,0.493,1.691,0.538,3.224,2.750,3.629,0.075,0.012,0.000,0.000,0.154,0.330,0.167,2.344,0.679,1.065,2.671
文字パッチ番号,0,0,1,1,1,2,2,2,3,3,3,4,4,4,5,5,5,6,6,6,7,7,7,8,8,8,9,9,9,10,10,10,11,11,11,12,12,12,13,13,13,14,14,14,15,15,15,16,16,16,17,17,17,18,18,18,19,19,19,20,21,22,23,23,23,24,24,24,25,25,25,26,27,28,28,28,29,29,29,30,30,30,31,31,31,32,32,32,
sum,11.992,,10.099,,,8.566,,,4.508,,,9.378,,,4.080,,,1.758,,,3.359,,,6.312,,,5.500,,,2.040,,,5.636,,,5.252,,,2.096,,,3.742,,,6.177,,,4.148,,,5.185,,,3.426,,,2.536,,,2.930,3.652,3.133,7.709,,,3.562,,,0.072,,,2.570,0.493,5.455,,,6.447,,,0.012,,,0.651,,,4.080,,,
sum/√ℓ (=H),6.943,,5.816,,,4.937,,,2.604,,,5.410,,,2.356,,,1.014,,,1.939,,,3.652,,,3.178,,,1.178,,,3.246,,,3.043,,,1.212,,,2.164,,,3.562,,,2.389,,,2.998,,,1.984,,,1.465,,,2.930,3.652,3.133,4.441,,,2.051,,,0.041,,,2.570,0.493,3.156,,,3.719,,,0.007,,,0.375,,,2.356,,,

■wiki-19,したがって、「お弁当食べようよ。
文字,し,,,た,,,が,,,っ,,,て,,,、,,,「,,,お,,,弁,,,当,,,食,,,べ,,,よ,,,う,,,よ,,,。,,
バイト(hex),E3,81,97,E3,81,9F,E3,81,8C,E3,81,A3,E3,81,A6,E3,80,81,E3,80,8C,E3,81,8A,E5,BC,81,E5,BD,93,E9,A3,9F,E3,81,B9,E3,82,88,E3,81,86,E3,82,88,E3,80,82
エントロピー(bits),1.736,4.779,0.034,0.913,4.238,0.145,0.493,2.029,0.110,0.199,1.465,0.035,0.005,1.420,2.559,1.781,1.347,2.953,0.964,1.826,2.998,1.133,4.621,2.401,1.871,2.299,1.375,0.504,0.000,0.558,2.953,0.902,1.612,0.907,0.296,0.135,0.676,1.747,0.425,0.025,0.084,0.902,1.178,2.288,1.150,0.997,0.716,1.927
文字パッチ番号,0,0,1,1,1,2,2,2,3,3,3,4,4,4,5,5,5,6,6,6,7,7,7,8,8,8,9,9,9,10,10,10,11,11,11,12,12,12,13,13,13,14,14,14,15,15,15,
sum,11.271,,5.185,,,2.671,,,1.770,,,1.465,,,5.681,,,5.748,,,8.746,,,6.582,,,1.882,,,4.418,,,2.818,,,2.559,,,0.535,,,4.373,,,2.863,,,
sum/√ℓ (=H),6.492,,2.998,,,1.544,,,1.020,,,0.845,,,3.269,,,3.314,,,5.049,,,3.810,,,1.088,,,2.547,,,1.623,,,1.477,,,0.309,,,2.525,,,1.657,,,

■wiki-20,丁寧体は、敬語の面からいえば丁寧語を用いた文体のことである。
文字,丁,,,寧,,,体,,,は,,,、,,,敬,,,語,,,の,,,面,,,か,,,ら,,,い,,,え,,,ば,,,丁,,,寧,,,語,,,を,,,用,,,い,,,た,,,文,,,体,,,の,,,こ,,,と,,,で,,,あ,,,る,,,。,,
バイト(hex),E4,B8,81,E5,AF,A7,E4,BD,93,E3,81,AF,E3,80,81,E6,95,AC,E8,AA,9E,E3,81,AE,E9,9D,A2,E3,81,8B,E3,82,89,E3,81,84,E3,81,88,E3,81,B0,E4,B8,81,E5,AF,A7,E8,AA,9E,E3,82,92,E7,94,A8,E3,81,84,E3,81,9F,E6,96,87,E4,BD,93,E3,81,AE,E3,81,93,E3,81,A8,E3,81,A7,E3,81,82,E3,82,8B,E3,80,82
エントロピー(bits),2.333,3.224,2.468,4.486,2.513,2.356,1.984,1.905,0.907,1.713,2.513,2.344,0.544,0.037,3.291,4.914,1.882,1.313,0.800,0.176,1.150,1.167,1.499,2.356,3.945,2.063,1.245,0.812,1.826,0.002,0.002,0.000,2.728,1.172,2.536,0.009,0.375,1.392,0.079,1.105,0.654,1.296,2.119,2.254,1.691,2.457,0.258,1.121,1.477,0.074,0.631,0.834,1.291,2.649,1.307,0.417,0.003,0.001,0.001,0.036,1.026,1.043,1.961,2.976,0.890,1.950,1.138,0.001,1.381,1.127,1.815,2.592,1.189,0.659,0.003,0.041,0.002,0.105,0.941,0.283,0.392,0.744,0.485,0.001,0.066,0.693,0.096,0.076,0.078,2.908
文字パッチ番号,0,0,1,1,1,2,2,2,3,3,3,4,4,4,5,5,5,6,6,6,7,7,7,8,8,8,9,9,9,10,10,10,11,11,11,12,12,12,13,13,13,14,14,14,15,15,15,16,16,16,17,17,17,18,18,18,19,19,19,20,20,20,21,21,21,22,22,22,23,23,23,24,24,24,25,25,25,26,26,26,27,27,27,28,28,28,29,29,29,
sum,10.324,,9.468,,,6.222,,,5.140,,,2.930,,,10.099,,,2.288,,,3.810,,,8.386,,,3.877,,,0.003,,,6.447,,,1.781,,,1.837,,,5.681,,,4.396,,,2.671,,,2.750,,,4.373,,,0.004,,,2.108,,,5.816,,,3.088,,,4.328,,,4.441,,,0.047,,,1.330,,,1.623,,,0.761,,,0.251,,,
sum/√ℓ (=H),5.951,,5.455,,,3.584,,,2.976,,,1.691,,,5.816,,,1.319,,,2.198,,,4.847,,,2.243,,,0.002,,,3.719,,,1.026,,,1.059,,,3.269,,,2.536,,,1.544,,,1.589,,,2.525,,,0.002,,,1.217,,,3.359,,,1.781,,,2.502,,,2.559,,,0.027,,,0.766,,,0.935,,,0.440,,,0.145,,,

■wiki-21,たとえば、琉歌「てんさごの花」（てぃんさぐぬ花）は、伝統的な表記法では次のように記す。
文字,た,,,と,,,え,,,ば,,,、,,,琉,,,歌,,,「,,,て,,,ん,,,さ,,,ご,,,の,,,花,,,」,,,（,,,て,,,ぃ,,,ん,,,さ,,,ぐ,,,ぬ,,,花,,,）,,,は,,,、,,,伝,,,統,,,的,,,な,,,表,,,記,,,法,,,で,,,は,,,次,,,の,,,よ,,,う,,,に,,,記,,,す,,,。,,
バイト(hex),E3,81,9F,E3,81,A8,E3,81,88,E3,81,B0,E3,80,81,E7,90,89,E6,AD,8C,E3,80,8C,E3,81,A6,E3,82,93,E3,81,95,E3,81,94,E3,81,AE,E8,8A,B1,E3,80,8D,EF,BC,88,E3,81,A6,E3,81,83,E3,82,93,E3,81,95,E3,81,90,E3,81,AC,E8,8A,B1,EF,BC,89,E3,81,AF,E3,80,81,E4,BC,9D,E7,B5,B1,E7,9A,84,E3,81,AA,E8,A1,A8,E8,A8,98,E6,B3,95,E3,81,A7,E3,81,AF,E6,AC,A1,E3,81,AE,E3,82,88,E3,81,86,E3,81,AB,E8,A8,98,E3,81,99,E3,80,82
エントロピー(bits),1.736,4.779,0.016,0.485,4.486,0.129,0.283,1.099,2.277,1.634,0.733,2.660,1.381,0.561,3.426,4.847,2.175,0.053,2.874,0.673,2.367,0.755,1.499,2.829,1.285,4.103,0.018,1.037,2.040,0.279,0.442,1.927,0.007,0.862,0.997,0.654,1.212,2.063,2.536,4.779,0.673,1.454,1.155,0.026,1.567,0.013,0.392,1.110,0.572,2.998,0.003,0.046,2.660,0.090,1.014,2.683,0.013,0.077,1.409,0.030,0.009,0.104,0.073,0.800,2.536,0.235,0.558,0.049,1.234,0.001,0.036,0.200,0.335,2.885,0.890,0.392,0.064,3.201,1.995,0.941,1.713,0.000,0.000,2.018,0.127,0.022,0.263,0.057,0.795,2.773,4.215,0.902,1.178,1.381,0.001,1.319,3.674,0.032,0.194,1.178,1.420,1.488,1.020,2.085,1.927,5.140,1.319,0.975,0.024,0.048,2.254,0.727,0.673,0.004,0.004,0.000,0.001,0.000,0.902,1.567,1.167,0.668,1.026,0.005,0.617,0.155,1.082,0.014,1.837
文字パッチ番号,0,0,1,1,1,2,2,2,3,3,3,4,4,4,5,5,5,6,6,6,7,7,7,8,8,8,9,9,9,10,10,10,11,11,11,12,12,12,13,13,13,14,14,14,15,15,15,16,16,16,17,17,17,18,18,18,19,19,19,20,20,20,21,21,21,22,22,22,23,23,23,24,24,24,25,25,25,26,26,26,27,27,27,28,28,28,29,29,29,30,30,30,31,31,31,32,32,32,33,33,33,34,34,34,35,35,35,36,36,36,37,37,37,38,38,38,39,39,39,40,40,40,41,41,41,42,42,42,
sum,11.271,,4.982,,,1.510,,,4.644,,,4.599,,,10.460,,,3.607,,,4.621,,,8.205,,,3.088,,,2.649,,,1.871,,,3.922,,,7.980,,,2.637,,,1.972,,,4.689,,,2.705,,,3.787,,,1.499,,,0.144,,,3.404,,,0.845,,,1.268,,,3.426,,,1.347,,,6.131,,,1.713,,,2.164,,,1.116,,,7.890,,,2.559,,,5.027,,,2.795,,,4.599,,,8.386,,,1.048,,,3.652,,,0.008,,,0.902,,,3.404,,,1.646,,,1.251,,,
sum/√ℓ (=H),6.492,,2.874,,,0.874,,,2.683,,,2.660,,,6.041,,,2.085,,,2.671,,,4.734,,,1.781,,,1.533,,,1.082,,,2.265,,,4.599,,,1.522,,,1.138,,,2.705,,,1.567,,,2.187,,,0.868,,,0.083,,,1.961,,,0.487,,,0.733,,,1.984,,,0.778,,,3.539,,,0.992,,,1.251,,,0.645,,,4.554,,,1.477,,,2.908,,,1.612,,,2.660,,,4.847,,,0.606,,,2.108,,,0.005,,,0.521,,,1.961,,,0.952,,,0.721,,,

■wiki-22,しかしながら、たとえば中国語の親族語彙と比較すれば、はるかに単純である。
文字,し,,,か,,,し,,,な,,,が,,,ら,,,、,,,た,,,と,,,え,,,ば,,,中,,,国,,,語,,,の,,,親,,,族,,,語,,,彙,,,と,,,比,,,較,,,す,,,れ,,,ば,,,、,,,は,,,る,,,か,,,に,,,単,,,純,,,で,,,あ,,,る,,,。,,
バイト(hex),E3,81,97,E3,81,8B,E3,81,97,E3,81,AA,E3,81,8C,E3,82,89,E3,80,81,E3,81,9F,E3,81,A8,E3,81,88,E3,81,B0,E4,B8,AD,E5,9B,BD,E8,AA,9E,E3,81,AE,E8,A6,AA,E6,97,8F,E8,AA,9E,E5,BD,99,E3,81,A8,E6,AF,94,E8,BC,83,E3,81,99,E3,82,8C,E3,81,B0,E3,80,81,E3,81,AF,E3,82,8B,E3,81,8B,E3,81,AB,E5,8D,98,E7,B4,94,E3,81,A7,E3,81,82,E3,82,8B,E3,80,82
エントロピー(bits),1.736,4.779,0.034,0.913,4.238,0.080,0.919,0.397,1.420,1.510,2.976,0.015,0.081,1.048,0.008,0.074,0.005,1.815,1.544,0.363,2.953,1.499,3.404,0.009,0.279,2.852,0.023,0.001,0.000,2.198,0.586,0.180,2.570,2.423,3.201,1.950,1.848,0.056,1.815,3.224,0.108,1.443,1.043,2.570,2.930,3.719,2.265,1.612,3.810,0.247,0.969,3.584,1.916,1.533,2.852,1.262,0.230,0.896,2.637,0.721,4.170,0.969,1.110,0.008,0.003,0.280,0.221,1.499,0.002,0.021,0.359,0.002,0.005,0.000,1.105,0.834,0.232,2.953,1.668,3.674,0.220,0.682,2.435,0.025,0.104,0.086,0.296,0.137,0.530,2.739,2.976,2.976,1.848,1.043,0.112,0.440,0.064,1.826,2.254,1.110,2.277,0.002,0.221,1.302,0.885,1.048,0.614,2.401
文字パッチ番号,0,0,1,1,1,2,2,2,3,3,3,4,4,4,5,5,5,6,6,6,7,7,7,8,8,8,9,9,9,10,10,10,11,11,11,12,12,12,13,13,13,14,14,14,15,15,15,16,16,16,17,17,17,18,18,18,19,19,19,20,20,20,21,21,21,22,22,22,23,23,23,24,24,24,25,25,25,26,26,26,27,27,27,28,28,28,29,29,29,30,30,30,31,31,31,32,32,32,33,33,33,34,34,34,35,35,35,
sum,11.271,,5.185,,,1.398,,,5.906,,,1.144,,,0.087,,,3.719,,,7.845,,,3.133,,,0.025,,,2.953,,,8.205,,,3.855,,,5.140,,,5.049,,,8.927,,,5.658,,,6.492,,,5.636,,,3.765,,,5.861,,,1.121,,,2.006,,,0.383,,,0.007,,,2.175,,,8.295,,,3.336,,,0.214,,,0.964,,,8.701,,,2.998,,,2.333,,,5.636,,,1.522,,,2.547,,,
sum/√ℓ (=H),6.492,,2.998,,,0.806,,,3.404,,,0.659,,,0.050,,,2.153,,,4.531,,,1.815,,,0.014,,,1.702,,,4.734,,,2.220,,,2.976,,,2.908,,,5.162,,,3.269,,,3.742,,,3.246,,,2.175,,,3.381,,,0.648,,,1.161,,,0.221,,,0.004,,,1.257,,,4.779,,,1.927,,,0.124,,,0.555,,,5.027,,,1.736,,,1.347,,,3.246,,,0.879,,,1.465,,,

■wiki-23,広辞苑や大辞泉には次のように解説されている。
文字,広,,,辞,,,苑,,,や,,,大,,,辞,,,泉,,,に,,,は,,,次,,,の,,,よ,,,う,,,に,,,解,,,説,,,さ,,,れ,,,て,,,い,,,る,,,。,,
バイト(hex),E5,BA,83,E8,BE,9E,E8,8B,91,E3,82,84,E5,A4,A7,E8,BE,9E,E6,B3,89,E3,81,AB,E3,81,AF,E6,AC,A1,E3,81,AE,E3,82,88,E3,81,86,E3,81,AB,E8,A7,A3,E8,AA,AC,E3,81,95,E3,82,8C,E3,81,A6,E3,81,84,E3,82,8B,E3,80,82
エントロピー(bits),5.117,3.426,1.792,3.133,2.265,1.668,0.394,1.431,2.637,1.167,4.170,2.536,3.922,1.403,2.311,4.396,0.392,0.066,2.051,0.569,1.031,0.642,2.480,1.634,0.606,1.905,2.649,4.801,2.130,0.106,0.004,0.417,1.612,0.334,0.004,0.005,0.001,0.000,0.001,0.000,1.003,1.392,1.848,0.320,0.066,0.001,0.001,0.566,0.168,1.465,0.001,0.050,0.008,0.009,0.417,0.234,0.006,0.002,0.106,0.002,0.840,0.000,0.744,0.173,0.006,1.815
文字パッチ番号,0,0,1,1,1,2,2,2,3,3,3,4,4,4,5,5,5,6,6,6,7,7,7,8,8,8,9,9,9,10,10,10,11,11,11,12,12,12,13,13,13,14,14,14,15,15,15,16,16,16,17,17,17,18,18,18,19,19,19,20,20,20,21,21,21,
sum,13.345,,7.213,,,3.494,,,7.980,,,7.845,,,7.078,,,2.683,,,4.148,,,4.148,,,9.558,,,0.527,,,1.950,,,0.006,,,1.003,,,3.562,,,0.067,,,2.198,,,0.060,,,0.659,,,0.114,,,0.840,,,0.924,,,
sum/√ℓ (=H),7.709,,4.170,,,2.018,,,4.599,,,4.531,,,4.080,,,1.544,,,2.389,,,2.389,,,5.523,,,0.304,,,1.127,,,0.004,,,0.580,,,2.051,,,0.039,,,1.268,,,0.034,,,0.380,,,0.066,,,0.485,,,0.533,,,

■wiki-24,また、宣長は文法の研究、とりわけ係り結びの研究で成果を上げた。
文字,ま,,,た,,,、,,,宣,,,長,,,は,,,文,,,法,,,の,,,研,,,究,,,、,,,と,,,り,,,わ,,,け,,,係,,,り,,,結,,,び,,,の,,,研,,,究,,,で,,,成,,,果,,,を,,,上,,,げ,,,た,,,。,,
バイト(hex),E3,81,BE,E3,81,9F,E3,80,81,E5,AE,A3,E9,95,B7,E3,81,AF,E6,96,87,E6,B3,95,E3,81,AE,E7,A0,94,E7,A9,B6,E3,80,81,E3,81,A8,E3,82,8A,E3,82,8F,E3,81,91,E4,BF,82,E3,82,8A,E7,B5,90,E3,81,B3,E3,81,AE,E7,A0,94,E7,A9,B6,E3,81,A7,E6,88,90,E6,9E,9C,E3,82,92,E4,B8,8A,E3,81,92,E3,81,9F,E3,80,82
エントロピー(bits),1.736,4.779,0.035,0.958,3.246,0.868,1.324,0.049,3.471,4.756,2.480,1.770,2.728,0.000,1.200,1.138,1.894,2.626,4.238,2.153,2.006,2.074,0.789,2.389,1.488,2.502,2.728,4.982,0.194,0.018,0.000,0.002,1.477,1.121,1.319,2.705,0.502,2.840,0.423,1.031,0.845,0.245,0.997,0.049,0.006,0.015,0.000,2.795,2.401,2.716,2.209,0.997,1.026,0.981,1.984,2.209,0.628,0.161,0.440,0.580,0.628,2.142,1.437,1.792,0.003,0.018,0.000,0.003,0.223,1.510,2.513,1.014,3.719,0.225,1.634,1.415,0.000,0.118,0.812,0.057,2.389,1.353,1.217,0.316,0.000,0.001,0.052,1.245,1.138,0.812,1.161,0.196,2.908
文字パッチ番号,0,0,1,1,1,2,2,2,3,3,3,4,4,4,5,5,5,6,6,6,7,7,7,8,8,8,9,9,9,10,10,10,11,11,11,12,12,12,13,13,13,14,14,14,15,15,15,16,16,16,17,17,17,18,18,18,19,19,19,20,20,20,21,21,21,22,22,22,23,23,23,24,24,24,25,25,25,26,26,26,27,27,27,28,28,28,29,29,29,30,30,30,
sum,11.271,,4.238,,,2.243,,,10.730,,,4.508,,,4.238,,,9.017,,,4.869,,,6.402,,,7.890,,,0.021,,,3.922,,,6.041,,,2.299,,,1.291,,,0.021,,,7.935,,,4.238,,,5.185,,,1.229,,,3.359,,,3.224,,,0.021,,,4.238,,,4.959,,,3.043,,,0.986,,,4.959,,,0.317,,,2.435,,,2.164,,,
sum/√ℓ (=H),6.492,,2.446,,,1.296,,,6.177,,,2.604,,,2.446,,,5.207,,,2.806,,,3.697,,,4.554,,,0.012,,,2.265,,,3.494,,,1.330,,,0.744,,,0.012,,,4.576,,,2.446,,,2.998,,,0.710,,,1.939,,,1.860,,,0.012,,,2.446,,,2.863,,,1.758,,,0.569,,,2.863,,,0.183,,,1.403,,,1.251,,,

■wiki-25,江戸時代には、室町期の『節用集』を元にして多数の辞書が編集・刊行された。
文字,江,,,戸,,,時,,,代,,,に,,,は,,,、,,,室,,,町,,,期,,,の,,,『,,,節,,,用,,,集,,,』,,,を,,,元,,,に,,,し,,,て,,,多,,,数,,,の,,,辞,,,書,,,が,,,編,,,集,,,・,,,刊,,,行,,,さ,,,れ,,,た,,,。,,
バイト(hex),E6,B1,9F,E6,88,B8,E6,99,82,E4,BB,A3,E3,81,AB,E3,81,AF,E3,80,81,E5,AE,A4,E7,94,BA,E6,9C,9F,E3,81,AE,E3,80,8E,E7,AF,80,E7,94,A8,E9,9B,86,E3,80,8F,E3,82,92,E5,85,83,E3,81,AB,E3,81,97,E3,81,A6,E5,A4,9A,E6,95,B0,E3,81,AE,E8,BE,9E,E6,9B,B8,E3,81,8C,E7,B7,A8,E9,9B,86,E3,83,BB,E5,88,8A,E8,A1,8C,E3,81,95,E3,82,8C,E3,81,9F,E3,80,82
エントロピー(bits),5.117,2.299,2.423,4.306,0.648,1.747,1.691,0.442,0.857,0.013,0.006,2.378,0.676,1.578,2.626,1.234,1.144,2.513,0.896,0.280,2.671,4.508,2.401,0.002,0.001,0.001,0.738,0.017,0.017,1.003,0.369,1.600,2.389,1.138,1.330,2.096,4.576,2.085,0.372,0.496,0.338,2.401,2.637,2.040,0.203,0.016,0.003,1.037,1.415,1.262,2.773,4.125,1.110,0.637,0.010,0.609,0.890,0.783,0.142,0.018,0.192,0.733,1.657,4.914,2.029,1.961,1.037,0.000,0.445,0.049,0.306,2.592,4.869,0.924,1.589,1.071,0.000,1.076,1.206,0.266,2.592,3.201,0.014,1.144,0.001,0.000,0.144,0.180,0.002,1.916,2.063,0.026,0.016,0.003,0.000,0.026,0.151,0.035,0.001,0.001,0.000,0.033,0.673,0.947,0.327,0.431,0.023,2.029
文字パッチ番号,0,0,1,1,1,2,2,2,3,3,3,4,4,4,5,5,5,6,6,6,7,7,7,8,8,8,9,9,9,10,10,10,11,11,11,12,12,12,13,13,13,14,14,14,15,15,15,16,16,16,17,17,17,18,18,18,19,19,19,20,20,20,21,21,21,22,22,22,23,23,23,24,24,24,25,25,25,26,26,26,27,27,27,28,28,28,29,29,29,30,30,30,31,31,31,32,32,32,33,33,33,34,34,34,35,35,35,
sum,12.173,,7.394,,,3.877,,,0.874,,,4.644,,,5.004,,,3.697,,,9.558,,,0.003,,,0.772,,,2.976,,,4.869,,,8.746,,,1.206,,,7.078,,,0.223,,,3.719,,,8.025,,,1.257,,,1.815,,,0.941,,,8.611,,,2.998,,,0.800,,,8.386,,,2.660,,,2.547,,,5.816,,,1.144,,,0.325,,,4.012,,,0.019,,,0.213,,,0.002,,,1.657,,,0.783,,,
sum/√ℓ (=H),7.033,,4.260,,,2.243,,,0.504,,,2.683,,,2.885,,,2.130,,,5.523,,,0.002,,,0.445,,,1.713,,,2.806,,,5.049,,,0.696,,,4.080,,,0.128,,,2.153,,,4.644,,,0.727,,,1.048,,,0.544,,,4.982,,,1.736,,,0.462,,,4.847,,,1.533,,,1.465,,,3.359,,,0.659,,,0.187,,,2.322,,,0.011,,,0.123,,,0.001,,,0.958,,,0.454,,,

■corpus-1,HP USAのオンライン価格が$99.99のようです。
文字,H,P, ,U,S,A,の,,,オ,,,ン,,,ラ,,,イ,,,ン,,,価,,,格,,,が,,,$,9,9,.,9,9,の,,,よ,,,う,,,で,,,す,,,。,,
バイト(hex),48,50,20,55,53,41,E3,81,AE,E3,82,AA,E3,83,B3,E3,83,A9,E3,82,A4,E3,83,B3,E4,BE,A1,E6,A0,BC,E3,81,8C,24,39,39,2E,39,39,E3,81,AE,E3,82,88,E3,81,86,E3,81,A7,E3,81,99,E3,80,82
エントロピー(bits),3.066,3.832,5.252,3.855,1.071,2.818,0.196,0.380,3.562,1.116,3.922,0.001,0.406,2.513,0.009,0.092,0.651,0.004,0.372,0.003,0.004,0.002,0.012,2.277,1.939,1.206,0.634,0.000,0.000,2.468,1.268,2.367,3.584,3.562,1.612,3.584,2.795,2.953,2.570,0.473,2.525,2.784,1.668,4.396,0.011,0.204,0.054,0.004,0.003,1.200,0.355,0.840,0.766,0.885,1.009,0.005,3.156
文字パッチ番号,1,2,3,4,5,6,6,6,7,7,7,8,8,8,9,9,9,10,10,10,11,11,11,12,12,12,13,13,13,14,14,14,15,16,17,18,19,20,21,21,21,22,22,22,23,23,23,24,24,24,25,25,25,26,26,26,
sum,3.066,3.832,5.252,3.855,1.071,3.404,,,8.611,,,2.930,,,0.750,,,0.378,,,0.017,,,5.410,,,0.634,,,6.086,,,3.584,3.562,1.612,3.584,2.795,2.953,5.568,,,8.837,,,0.269,,,1.206,,,1.961,,,1.894,,,
sum/√ℓ (=H),3.066,3.832,5.252,3.855,1.071,1.961,,,4.982,,,1.691,,,0.434,,,0.218,,,0.010,,,3.133,,,0.366,,,3.517,,,3.584,3.562,1.612,3.584,2.795,2.953,3.224,,,5.095,,,0.156,,,0.696,,,1.133,,,1.093,,,

■corpus-2,ブロックチェーンは次のような仕組み、メリットが特徴と言われている。
文字,ブ,,,ロ,,,ッ,,,ク,,,チ,,,ェ,,,ー,,,ン,,,は,,,次,,,の,,,よ,,,う,,,な,,,仕,,,組,,,み,,,、,,,メ,,,リ,,,ッ,,,ト,,,が,,,特,,,徴,,,と,,,言,,,わ,,,れ,,,て,,,い,,,る,,,。,,
バイト(hex),E3,83,96,E3,83,AD,E3,83,83,E3,82,AF,E3,83,81,E3,82,A7,E3,83,BC,E3,83,B3,E3,81,AF,E6,AC,A1,E3,81,AE,E3,82,88,E3,81,86,E3,81,AA,E4,BB,95,E7,B5,84,E3,81,BF,E3,80,81,E3,83,A1,E3,83,AA,E3,83,83,E3,83,88,E3,81,8C,E7,89,B9,E5,BE,B4,E3,81,A8,E8,A8,80,E3,82,8F,E3,82,8C,E3,81,A6,E3,81,84,E3,82,8B,E3,80,82
エントロピー(bits),1.736,5.140,0.010,0.223,2.874,0.018,0.750,3.336,0.003,0.456,1.364,1.939,0.941,4.351,0.004,1.020,0.092,0.003,0.420,0.626,0.030,1.048,0.083,2.885,1.668,2.536,0.806,2.142,0.969,1.195,0.059,0.789,2.840,1.409,1.691,0.008,0.007,0.000,0.015,0.000,0.845,2.773,2.480,2.040,1.133,0.080,0.004,0.006,0.001,0.064,0.378,0.958,0.242,1.533,0.707,4.103,0.004,0.682,2.063,0.026,0.010,0.459,0.003,0.028,0.002,0.259,1.691,2.570,2.164,1.099,0.372,1.223,0.352,0.000,1.223,0.496,1.758,0.067,2.265,0.147,0.012,0.727,0.000,0.001,0.004,0.006,0.036,1.026,0.507,0.024,0.014,0.245,0.002,0.289,0.016,2.051,1.150,0.947,2.074
文字パッチ番号,0,0,1,1,1,2,2,2,3,3,3,4,4,4,5,5,5,6,6,6,7,7,7,8,8,8,9,9,9,10,10,10,11,11,11,12,12,12,13,13,13,14,14,14,15,15,15,16,16,16,17,17,17,18,18,18,19,19,19,20,20,20,21,21,21,22,22,22,23,23,23,24,24,24,25,25,25,26,26,26,27,27,27,28,28,28,29,29,29,30,30,30,31,31,31,32,32,32,
sum,11.632,,3.111,,,4.103,,,1.826,,,7.213,,,1.116,,,1.048,,,1.161,,,7.078,,,3.922,,,2.040,,,5.951,,,0.015,,,0.862,,,7.304,,,1.217,,,0.071,,,1.578,,,6.357,,,2.750,,,0.496,,,0.033,,,4.508,,,3.629,,,1.578,,,3.471,,,2.480,,,0.738,,,0.011,,,1.567,,,0.283,,,0.306,,,4.148,,,
sum/√ℓ (=H),6.718,,1.792,,,2.367,,,1.054,,,4.170,,,0.645,,,0.606,,,0.671,,,4.080,,,2.265,,,1.178,,,3.426,,,0.009,,,0.499,,,4.215,,,0.702,,,0.041,,,0.913,,,3.674,,,1.589,,,0.286,,,0.019,,,2.604,,,2.096,,,0.913,,,2.006,,,1.431,,,0.425,,,0.006,,,0.907,,,0.163,,,0.177,,,2.389,,,

■corpus-3,二輪車は査定のほか、オジサン(高価)とは、日本の査定における車両区分の一つである。
文字,二,,,輪,,,車,,,は,,,査,,,定,,,の,,,ほ,,,か,,,、,,,オ,,,ジ,,,サ,,,ン,,,(,高,,,価,,,),と,,,は,,,、,,,日,,,本,,,の,,,査,,,定,,,に,,,お,,,け,,,る,,,車,,,両,,,区,,,分,,,の,,,一,,,つ,,,で,,,あ,,,る,,,。,,
バイト(hex),E4,BA,8C,E8,BC,AA,E8,BB,8A,E3,81,AF,E6,9F,BB,E5,AE,9A,E3,81,AE,E3,81,BB,E3,81,8B,E3,80,81,E3,82,AA,E3,82,B8,E3,82,B5,E3,83,B3,28,E9,AB,98,E4,BE,A1,29,E3,81,A8,E3,81,AF,E3,80,81,E6,97,A5,E6,9C,AC,E3,81,AE,E6,9F,BB,E5,AE,9A,E3,81,AB,E3,81,8A,E3,81,91,E3,82,8B,E8,BB,8A,E4,B8,A1,E5,8C,BA,E5,88,86,E3,81,AE,E4,B8,80,E3,81,A4,E3,81,A7,E3,81,82,E3,82,8B,E3,80,82
エントロピー(bits),2.333,3.629,2.423,5.049,1.927,2.322,0.425,0.006,2.311,1.544,3.043,2.356,3.922,2.457,1.347,0.634,0.035,2.265,1.212,2.840,2.559,0.566,2.232,0.005,0.003,1.381,1.026,1.133,0.078,2.728,1.848,4.373,0.013,0.671,2.581,0.008,0.502,1.279,0.113,0.203,0.004,2.818,3.404,4.824,0.131,2.243,2.153,0.002,2.976,0.738,1.369,1.578,2.108,1.296,1.567,2.784,1.713,0.348,2.908,4.644,1.223,0.935,0.168,0.001,2.175,0.575,1.927,2.863,4.531,1.454,0.189,0.003,0.000,2.074,0.693,2.953,2.220,0.440,1.724,0.010,0.001,0.952,0.005,0.000,0.003,2.806,4.193,0.445,2.637,0.783,0.160,2.637,4.396,1.916,0.104,0.002,0.006,0.862,1.150,2.311,2.074,0.201,0.043,0.795,0.007,0.000,0.164,0.772,0.589,0.175,0.845,0.023,0.001,0.200,0.947,0.232,0.310,0.050,2.660
文字パッチ番号,0,0,1,1,1,2,2,2,3,3,3,4,4,4,5,5,5,6,6,6,7,7,7,8,8,8,9,9,9,10,10,10,11,11,11,12,12,12,13,13,13,14,15,15,15,16,16,16,17,18,18,18,19,19,19,20,20,20,21,21,21,22,22,22,23,23,23,24,24,24,25,25,25,26,26,26,27,27,27,28,28,28,29,29,29,30,30,30,31,31,31,32,32,32,33,33,33,34,34,34,35,35,35,36,36,36,37,37,37,38,38,38,39,39,39,40,40,40,
sum,10.730,,9.378,,,2.750,,,6.898,,,8.746,,,2.018,,,6.312,,,5.365,,,1.386,,,2.232,,,8.927,,,3.269,,,1.792,,,0.320,,,2.818,8.341,,,4.396,,,2.976,3.697,,,4.959,,,4.847,,,8.791,,,1.105,,,4.689,,,8.837,,,0.192,,,5.726,,,4.373,,,0.964,,,0.009,,,7.439,,,3.584,,,8.927,,,0.113,,,4.328,,,2.322,,,0.800,,,1.522,,,1.043,,,1.150,,,0.592,,,
sum/√ℓ (=H),6.177,,5.410,,,1.589,,,3.990,,,5.049,,,1.167,,,3.652,,,3.088,,,0.800,,,1.291,,,5.162,,,1.882,,,1.037,,,0.185,,,2.818,4.824,,,2.536,,,2.976,2.130,,,2.863,,,2.795,,,5.072,,,0.637,,,2.705,,,5.095,,,0.111,,,3.314,,,2.525,,,0.555,,,0.005,,,4.306,,,2.074,,,5.162,,,0.065,,,2.502,,,1.341,,,0.462,,,0.879,,,0.603,,,0.665,,,0.341,,,

■corpus-4,そのようなケースなら、債務整理の専門家を相談してもらった方が最適策です。
文字,そ,,,の,,,よ,,,う,,,な,,,ケ,,,ー,,,ス,,,な,,,ら,,,、,,,債,,,務,,,整,,,理,,,の,,,専,,,門,,,家,,,を,,,相,,,談,,,し,,,て,,,も,,,ら,,,っ,,,た,,,方,,,が,,,最,,,適,,,策,,,で,,,す,,,。,,
バイト(hex),E3,81,9D,E3,81,AE,E3,82,88,E3,81,86,E3,81,AA,E3,82,B1,E3,83,BC,E3,82,B9,E3,81,AA,E3,82,89,E3,80,81,E5,82,B5,E5,8B,99,E6,95,B4,E7,90,86,E3,81,AE,E5,B0,82,E9,96,80,E5,AE,B6,E3,82,92,E7,9B,B8,E8,AB,87,E3,81,97,E3,81,A6,E3,82,82,E3,82,89,E3,81,A3,E3,81,9F,E6,96,B9,E3,81,8C,E6,9C,80,E9,81,A9,E7,AD,96,E3,81,A7,E3,81,99,E3,80,82
エントロピー(bits),1.736,4.779,0.021,1.009,1.245,2.649,0.637,3.719,0.005,0.020,0.093,0.049,0.011,0.986,2.660,1.488,3.787,0.023,0.345,0.620,0.003,0.008,0.143,0.147,0.614,2.119,0.005,1.009,0.149,1.578,1.353,0.425,3.021,4.959,2.998,1.217,0.325,0.050,2.051,2.716,0.051,0.097,0.001,0.000,1.916,1.121,3.201,2.795,5.004,2.435,0.668,0.016,0.000,2.356,0.289,0.000,0.704,0.727,1.589,2.773,4.351,1.905,1.781,0.038,0.005,0.823,0.203,1.612,0.434,0.738,1.415,2.119,1.155,3.517,1.093,0.552,0.699,0.005,0.025,2.243,0.003,0.007,0.496,2.232,3.967,0.145,0.879,0.964,1.144,1.871,4.554,2.311,2.547,1.020,0.000,0.547,2.604,0.499,0.541,0.637,2.142,0.145,0.394,0.569,0.417,1.116,0.073,3.043
文字パッチ番号,0,0,1,1,1,2,2,2,3,3,3,4,4,4,5,5,5,6,6,6,7,7,7,8,8,8,9,9,9,10,10,10,11,11,11,12,12,12,13,13,13,14,14,14,15,15,15,16,16,16,17,17,17,18,18,18,19,19,19,20,20,20,21,21,21,22,22,22,23,23,23,24,24,24,25,25,25,26,26,26,27,27,27,28,28,28,29,29,29,30,30,30,31,31,31,32,32,32,33,33,33,34,34,34,35,35,35,
sum,11.271,,2.277,,,6.988,,,0.118,,,1.048,,,7.935,,,0.986,,,0.154,,,2.885,,,1.161,,,3.359,,,11.001,,,1.589,,,4.824,,,0.099,,,6.222,,,10.234,,,0.685,,,2.649,,,3.021,,,9.017,,,1.826,,,2.637,,,2.592,,,6.808,,,2.344,,,2.277,,,0.504,,,6.357,,,2.976,,,8.746,,,3.562,,,3.652,,,3.314,,,1.110,,,1.600,,,
sum/√ℓ (=H),6.492,,1.313,,,4.035,,,0.068,,,0.606,,,4.576,,,0.569,,,0.089,,,1.668,,,0.671,,,1.939,,,6.357,,,0.919,,,2.784,,,0.057,,,3.584,,,5.906,,,0.394,,,1.533,,,1.747,,,5.207,,,1.054,,,1.522,,,1.499,,,3.922,,,1.353,,,1.313,,,0.292,,,3.674,,,1.713,,,5.049,,,2.051,,,2.108,,,1.916,,,0.640,,,0.924,,,

■corpus-5,大多数の不動産会社では、出向いての訪問買取も扱っています。
文字,大,,,多,,,数,,,の,,,不,,,動,,,産,,,会,,,社,,,で,,,は,,,、,,,出,,,向,,,い,,,て,,,の,,,訪,,,問,,,買,,,取,,,も,,,扱,,,っ,,,て,,,い,,,ま,,,す,,,。,,
バイト(hex),E5,A4,A7,E5,A4,9A,E6,95,B0,E3,81,AE,E4,B8,8D,E5,8B,95,E7,94,A3,E4,BC,9A,E7,A4,BE,E3,81,A7,E3,81,AF,E3,80,81,E5,87,BA,E5,90,91,E3,81,84,E3,81,A6,E3,81,AE,E8,A8,AA,E5,95,8F,E8,B2,B7,E5,8F,96,E3,82,82,E6,89,B1,E3,81,A3,E3,81,A6,E3,81,84,E3,81,BE,E3,81,99,E3,80,82
エントロピー(bits),5.117,2.119,2.502,5.117,1.848,2.299,2.728,0.035,2.626,0.690,0.693,2.908,2.175,3.359,2.322,4.148,0.007,0.032,0.059,0.042,2.513,1.555,0.201,0.055,0.000,0.000,1.251,1.200,2.570,1.110,0.676,1.375,1.302,0.306,0.029,3.111,4.283,0.569,1.307,1.646,1.031,2.254,0.750,1.770,0.010,0.002,0.030,2.435,0.896,2.074,2.683,3.967,2.829,0.710,0.002,0.000,1.257,0.823,0.292,0.192,0.307,0.206,1.544,1.589,1.848,1.826,4.215,1.758,0.000,0.053,1.792,0.002,0.003,0.099,0.083,0.185,0.182,0.003,0.727,0.258,0.003,0.000,0.002,0.159,0.471,0.019,2.773
文字パッチ番号,0,0,1,1,1,2,2,2,3,3,3,4,4,4,5,5,5,6,6,6,7,7,7,8,8,8,9,9,9,10,10,10,11,11,11,12,12,12,13,13,13,14,14,14,15,15,15,16,16,16,17,17,17,18,18,18,19,19,19,20,20,20,21,21,21,22,22,22,23,23,23,24,24,24,25,25,25,26,26,26,27,27,27,28,28,28,
sum,11.992,,9.468,,,5.072,,,4.012,,,8.431,,,6.492,,,0.132,,,4.260,,,0.055,,,5.027,,,3.156,,,1.634,,,7.980,,,3.990,,,4.779,,,0.043,,,5.410,,,9.468,,,0.713,,,2.367,,,0.704,,,4.982,,,7.800,,,1.848,,,0.104,,,0.451,,,0.986,,,0.005,,,0.648,,,
sum/√ℓ (=H),6.943,,5.455,,,2.930,,,2.322,,,4.869,,,3.742,,,0.076,,,2.457,,,0.032,,,2.908,,,1.826,,,0.941,,,4.599,,,2.299,,,2.761,,,0.025,,,3.133,,,5.455,,,0.411,,,1.364,,,0.406,,,2.874,,,4.508,,,1.065,,,0.060,,,0.261,,,0.569,,,0.003,,,0.375,,,

■corpus-6,デフォルトでは、フォローが多すぎるユーザーや実体がないユーザーは非表示です。
文字,デ,,,フ,,,ォ,,,ル,,,ト,,,で,,,は,,,、,,,フ,,,ォ,,,ロ,,,ー,,,が,,,多,,,す,,,ぎ,,,る,,,ユ,,,ー,,,ザ,,,ー,,,や,,,実,,,体,,,が,,,な,,,い,,,ユ,,,ー,,,ザ,,,ー,,,は,,,非,,,表,,,示,,,で,,,す,,,。,,
バイト(hex),E3,83,87,E3,83,95,E3,82,A9,E3,83,AB,E3,83,88,E3,81,A7,E3,81,AF,E3,80,81,E3,83,95,E3,82,A9,E3,83,AD,E3,83,BC,E3,81,8C,E5,A4,9A,E3,81,99,E3,81,8E,E3,82,8B,E3,83,A6,E3,83,BC,E3,82,B6,E3,83,BC,E3,82,84,E5,AE,9F,E4,BD,93,E3,81,8C,E3,81,AA,E3,81,84,E3,83,A6,E3,83,BC,E3,82,B6,E3,83,BC,E3,81,AF,E9,9D,9E,E8,A1,A8,E7,A4,BA,E3,81,A7,E3,81,99,E3,80,82
エントロピー(bits),1.736,5.140,0.017,1.003,4.418,0.113,1.071,2.322,0.021,0.013,1.713,0.011,0.049,0.086,1.031,1.488,1.431,2.142,1.319,0.981,1.646,0.975,0.064,3.517,1.522,4.711,0.001,0.828,1.792,0.005,0.302,1.691,0.056,0.077,0.851,0.256,0.851,3.043,2.604,3.832,1.939,0.907,0.058,1.291,0.007,0.012,0.227,0.037,1.026,0.071,1.837,1.167,4.892,0.001,0.133,0.306,0.004,0.152,0.190,0.097,0.327,0.018,1.105,0.733,2.096,1.916,4.621,2.750,2.254,0.710,0.001,1.358,1.076,2.649,2.604,1.927,3.855,0.013,0.252,2.232,1.781,1.702,3.584,0.002,0.009,0.011,0.002,0.059,0.000,0.174,0.318,0.010,0.640,0.924,2.570,1.770,3.336,1.189,0.504,1.138,0.851,0.009,0.186,0.000,0.510,0.302,2.480,1.426,1.031,1.330,0.196,1.415,0.017,2.356
文字パッチ番号,0,0,1,1,1,2,2,2,3,3,3,4,4,4,5,5,5,6,6,6,7,7,7,8,8,8,9,9,9,10,10,10,11,11,11,12,12,12,13,13,13,14,14,14,15,15,15,16,16,16,17,17,17,18,18,18,19,19,19,20,20,20,21,21,21,22,22,22,23,23,23,24,24,24,25,25,25,26,26,26,27,27,27,28,28,28,29,29,29,30,30,30,31,31,31,32,32,32,33,33,33,34,34,34,35,35,35,36,36,36,37,37,37,
sum,11.632,,5.433,,,3.517,,,1.747,,,0.146,,,3.945,,,4.441,,,2.683,,,9.738,,,2.626,,,1.995,,,0.986,,,4.148,,,8.386,,,2.254,,,0.245,,,1.133,,,7.890,,,0.440,,,0.347,,,0.442,,,3.922,,,9.287,,,2.976,,,5.095,,,8.386,,,2.491,,,7.078,,,0.022,,,0.061,,,0.502,,,4.125,,,6.312,,,2.491,,,0.194,,,3.291,,,3.787,,,1.623,,,
sum/√ℓ (=H),6.718,,3.133,,,2.029,,,1.009,,,0.084,,,2.277,,,2.559,,,1.544,,,5.613,,,1.522,,,1.150,,,0.569,,,2.389,,,4.847,,,1.302,,,0.142,,,0.654,,,4.554,,,0.254,,,0.200,,,0.255,,,2.265,,,5.365,,,1.713,,,2.930,,,4.847,,,1.437,,,4.080,,,0.013,,,0.035,,,0.290,,,2.378,,,3.652,,,1.437,,,0.112,,,1.905,,,2.187,,,0.935,,,

■corpus-7,猫にメリットがあることなら何でもお手伝いします! ノラ猫・保護猫専門の『ねこから目線。
文字,猫,,,に,,,メ,,,リ,,,ッ,,,ト,,,が,,,あ,,,る,,,こ,,,と,,,な,,,ら,,,何,,,で,,,も,,,お,,,手,,,伝,,,い,,,し,,,ま,,,す,,,!, ,ノ,,,ラ,,,猫,,,・,,,保,,,護,,,猫,,,専,,,門,,,の,,,『,,,ね,,,こ,,,か,,,ら,,,目,,,線,,,。,,
バイト(hex),E7,8C,AB,E3,81,AB,E3,83,A1,E3,83,AA,E3,83,83,E3,83,88,E3,81,8C,E3,81,82,E3,82,8B,E3,81,93,E3,81,A8,E3,81,AA,E3,82,89,E4,BD,95,E3,81,A7,E3,82,82,E3,81,8A,E6,89,8B,E4,BC,9D,E3,81,84,E3,81,97,E3,81,BE,E3,81,99,21,20,E3,83,8E,E3,83,A9,E7,8C,AB,E3,83,BB,E4,BF,9D,E8,AD,B7,E7,8C,AB,E5,B0,82,E9,96,80,E3,81,AE,E3,80,8E,E3,81,AD,E3,81,93,E3,81,8B,E3,82,89,E7,9B,AE,E7,B7,9A,E3,80,82
エントロピー(bits),5.388,3.201,2.570,0.975,2.130,2.378,1.251,5.027,0.106,0.913,3.021,0.411,0.389,2.085,0.005,0.111,0.001,2.063,1.443,1.313,1.082,0.092,0.744,0.008,0.131,0.935,1.138,1.302,2.480,0.003,0.001,0.017,0.420,1.353,2.232,0.005,0.062,1.116,1.815,2.322,1.736,0.919,0.902,2.029,0.102,0.071,0.045,2.547,1.054,1.736,2.649,4.666,0.029,2.198,0.334,0.004,0.004,0.001,0.727,0.603,0.046,2.683,0.014,0.089,1.437,0.004,0.001,0.289,0.795,2.265,3.404,1.882,4.260,0.048,0.380,1.995,1.815,3.990,0.020,2.277,1.099,4.734,2.198,2.051,1.623,1.691,1.589,0.001,1.702,0.307,0.014,2.187,3.494,1.088,1.206,0.110,0.001,1.826,0.986,0.600,2.908,1.724,1.679,2.998,1.634,4.373,0.075,1.031,3.066,1.758,1.499,4.125,0.213,1.043,1.341,1.420,0.648,1.995,2.209,2.412,0.003,0.194,1.477,0.046,1.522
文字パッチ番号,0,0,1,1,1,2,2,2,3,3,3,4,4,4,5,5,5,6,6,6,7,7,7,8,8,8,9,9,9,10,10,10,11,11,11,12,12,12,13,13,13,14,14,14,15,15,15,16,16,16,17,17,17,18,18,18,19,19,19,20,20,20,21,21,21,22,22,22,23,24,25,25,25,26,26,26,27,27,27,28,28,28,29,29,29,30,30,30,31,31,31,32,32,32,33,33,33,34,34,34,35,35,35,36,36,36,37,37,37,38,38,38,39,39,39,40,40,40,41,41,41,42,42,42,
sum,13.345,,5.681,,,8.656,,,4.035,,,2.885,,,0.117,,,4.824,,,1.916,,,1.076,,,4.914,,,0.021,,,4.012,,,1.183,,,5.861,,,3.855,,,0.218,,,5.342,,,7.349,,,2.536,,,0.733,,,3.336,,,1.544,,,0.294,,,0.795,2.265,9.558,,,2.423,,,5.816,,,8.115,,,5.861,,,3.291,,,2.018,,,6.763,,,1.319,,,3.404,,,6.312,,,9.017,,,4.170,,,7.394,,,2.592,,,4.058,,,4.621,,,1.713,,,
sum/√ℓ (=H),7.709,,3.269,,,5.004,,,2.333,,,1.668,,,0.068,,,2.784,,,1.105,,,0.623,,,2.840,,,0.012,,,2.322,,,0.682,,,3.381,,,2.220,,,0.126,,,3.088,,,4.238,,,1.465,,,0.423,,,1.927,,,0.890,,,0.170,,,0.795,2.265,5.523,,,1.398,,,3.359,,,4.689,,,3.381,,,1.905,,,1.167,,,3.900,,,0.761,,,1.961,,,3.652,,,5.207,,,2.412,,,4.260,,,1.499,,,2.344,,,2.671,,,0.992,,,

■corpus-8,効率良く業務を進めるために、「目的」と「目標」を明確にすることが大切なのです。
文字,効,,,率,,,良,,,く,,,業,,,務,,,を,,,進,,,め,,,る,,,た,,,め,,,に,,,、,,,「,,,目,,,的,,,」,,,と,,,「,,,目,,,標,,,」,,,を,,,明,,,確,,,に,,,す,,,る,,,こ,,,と,,,が,,,大,,,切,,,な,,,の,,,で,,,す,,,。,,
バイト(hex),E5,8A,B9,E7,8E,87,E8,89,AF,E3,81,8F,E6,A5,AD,E5,8B,99,E3,82,92,E9,80,B2,E3,82,81,E3,82,8B,E3,81,9F,E3,82,81,E3,81,AB,E3,80,81,E3,80,8C,E7,9B,AE,E7,9A,84,E3,80,8D,E3,81,A8,E3,80,8C,E7,9B,AE,E6,A8,99,E3,80,8D,E3,82,92,E6,98,8E,E7,A2,BA,E3,81,AB,E3,81,99,E3,82,8B,E3,81,93,E3,81,A8,E3,81,8C,E5,A4,A7,E5,88,87,E3,81,AA,E3,81,AE,E3,81,A7,E3,81,99,E3,80,82
エントロピー(bits),5.117,2.536,2.198,3.674,0.462,2.694,3.471,1.437,1.544,0.171,1.127,2.863,4.734,0.136,1.770,0.300,0.000,2.119,1.251,1.781,2.525,2.806,1.341,0.981,0.080,0.120,0.378,1.155,0.289,2.818,1.048,2.818,0.004,0.012,0.001,0.189,0.518,0.907,2.750,1.313,0.541,3.156,1.770,0.355,3.133,4.644,2.085,1.076,2.378,0.000,2.187,1.724,0.154,0.502,1.245,2.716,1.702,0.902,0.040,2.705,3.900,0.361,0.885,1.071,0.000,0.275,0.078,0.000,0.163,1.150,0.057,2.559,3.494,0.141,1.302,1.014,0.000,0.389,0.032,0.117,2.412,0.431,1.803,0.003,0.104,0.144,1.155,0.907,1.398,0.006,0.007,0.000,0.049,1.313,2.175,1.381,2.468,0.287,0.902,0.140,0.030,0.092,0.209,1.375,1.386,0.885,1.336,0.005,0.027,1.950,0.183,0.409,0.400,0.048,0.462,0.033,2.761
文字パッチ番号,0,0,1,1,1,2,2,2,3,3,3,4,4,4,5,5,5,6,6,6,7,7,7,8,8,8,9,9,9,10,10,10,11,11,11,12,12,12,13,13,13,14,14,14,15,15,15,16,16,16,17,17,17,18,18,18,19,19,19,20,20,20,21,21,21,22,22,22,23,23,23,24,24,24,25,25,25,26,26,26,27,27,27,28,28,28,29,29,29,30,30,30,31,31,31,32,32,32,33,33,33,34,34,34,35,35,35,36,36,36,37,37,37,38,38,38,
sum,12.443,,6.312,,,7.619,,,2.840,,,7.754,,,2.074,,,5.140,,,6.672,,,1.183,,,1.826,,,6.672,,,0.016,,,1.612,,,4.599,,,5.275,,,9.873,,,3.449,,,4.058,,,4.463,,,2.649,,,6.943,,,1.961,,,0.354,,,1.369,,,6.177,,,2.322,,,0.538,,,4.644,,,0.251,,,3.471,,,0.013,,,3.539,,,4.148,,,1.071,,,1.679,,,3.607,,,1.984,,,0.992,,,0.544,,,
sum/√ℓ (=H),7.168,,3.652,,,4.396,,,1.634,,,4.486,,,1.195,,,2.976,,,3.855,,,0.682,,,1.054,,,3.855,,,0.010,,,0.930,,,2.660,,,3.043,,,5.703,,,1.995,,,2.344,,,2.581,,,1.533,,,4.012,,,1.133,,,0.204,,,0.789,,,3.562,,,1.341,,,0.311,,,2.683,,,0.145,,,2.006,,,0.007,,,2.040,,,2.389,,,0.617,,,0.969,,,2.085,,,1.144,,,0.572,,,0.314,,,

■corpus-9,EXILEファンクラブEX FAMILY 会員。
文字,E,X,I,L,E,フ,,,ァ,,,ン,,,ク,,,ラ,,,ブ,,,E,X, ,F,A,M,I,L,Y, ,会,,,員,,,。,,
バイト(hex),45,58,49,4C,45,E3,83,95,E3,82,A1,E3,83,B3,E3,82,AF,E3,83,A9,E3,83,96,45,58,20,46,41,4D,49,4C,59,20,E4,BC,9A,E5,93,A1,E3,80,82
エントロピー(bits),4.148,3.607,2.559,2.254,1.927,0.969,3.697,0.003,0.727,1.826,0.001,0.221,1.612,0.307,1.347,0.089,0.076,0.118,1.065,0.003,0.004,0.000,1.454,0.017,0.085,4.058,4.080,2.829,0.518,0.033,1.465,0.566,3.494,2.164,1.375,2.096,0.468,0.000,1.826,1.567,0.969,3.471
文字パッチ番号,1,2,3,4,5,5,5,6,6,6,7,7,7,8,8,8,9,9,9,10,10,10,11,12,13,14,15,16,17,18,19,20,21,21,21,22,22,22,23,23,23,
sum,4.148,3.607,2.559,2.254,6.582,,,2.559,,,1.837,,,1.747,,,1.257,,,0.007,,,1.454,0.017,0.085,4.058,4.080,2.829,0.518,0.033,1.465,0.566,7.033,,,2.570,,,4.373,,,
sum/√ℓ (=H),4.148,3.607,2.559,2.254,3.810,,,1.477,,,1.059,,,1.009,,,0.727,,,0.004,,,1.454,0.017,0.085,4.058,4.080,2.829,0.518,0.033,1.465,0.566,4.058,,,1.488,,,2.525,,,

■corpus-10,「目標」の場合、通過点や目印といった意味合いを持っています。
文字,「,,,目,,,標,,,」,,,の,,,場,,,合,,,、,,,通,,,過,,,点,,,や,,,目,,,印,,,と,,,い,,,っ,,,た,,,意,,,味,,,合,,,い,,,を,,,持,,,っ,,,て,,,い,,,ま,,,す,,,。,,
バイト(hex),E3,80,8C,E7,9B,AE,E6,A8,99,E3,80,8D,E3,81,AE,E5,A0,B4,E5,90,88,E3,80,81,E9,80,9A,E9,81,8E,E7,82,B9,E3,82,84,E7,9B,AE,E5,8D,B0,E3,81,A8,E3,81,84,E3,81,A3,E3,81,9F,E6,84,8F,E5,91,B3,E5,90,88,E3,81,84,E3,82,92,E6,8C,81,E3,81,A3,E3,81,A6,E3,81,84,E3,81,BE,E3,81,99,E3,80,82
エントロピー(bits),1.736,1.612,3.832,4.959,2.683,1.691,1.296,0.024,0.823,1.324,0.417,1.099,1.054,1.747,3.043,4.351,0.947,1.488,0.001,0.000,0.651,1.088,0.558,3.584,3.652,2.739,1.178,1.285,0.007,1.668,3.111,0.157,1.781,1.020,0.366,2.784,3.021,0.293,0.657,1.071,0.713,1.178,1.285,2.705,1.189,0.311,2.885,0.005,0.003,1.088,0.002,0.005,0.217,2.761,4.238,0.919,1.116,0.255,0.001,1.488,0.093,0.000,0.086,0.007,0.018,0.189,0.964,0.634,2.074,0.721,0.042,0.093,0.000,1.223,0.002,0.001,0.969,0.952,0.721,0.541,0.006,0.958,2.592,0.002,0.002,0.228,0.310,0.992,0.030,3.111
文字パッチ番号,0,0,1,1,1,2,2,2,3,3,3,4,4,4,5,5,5,6,6,6,7,7,7,8,8,8,9,9,9,10,10,10,11,11,11,12,12,12,13,13,13,14,14,14,15,15,15,16,16,16,17,17,17,18,18,18,19,19,19,20,20,20,21,21,21,22,22,22,23,23,23,24,24,24,25,25,25,26,26,26,27,27,27,28,28,28,29,29,29,
sum,8.115,,11.451,,,3.021,,,2.570,,,3.900,,,8.341,,,1.488,,,2.299,,,9.964,,,2.468,,,4.937,,,3.156,,,6.086,,,2.435,,,5.162,,,4.396,,,1.093,,,0.224,,,7.935,,,1.369,,,1.578,,,0.112,,,1.781,,,2.840,,,1.319,,,0.969,,,2.209,,,3.562,,,0.231,,,1.330,,,
sum/√ℓ (=H),4.689,,6.627,,,1.747,,,1.488,,,2.254,,,4.824,,,0.857,,,1.330,,,5.748,,,1.426,,,2.852,,,1.826,,,3.517,,,1.403,,,2.976,,,2.536,,,0.631,,,0.130,,,4.576,,,0.789,,,0.913,,,0.065,,,1.026,,,1.634,,,0.761,,,0.561,,,1.274,,,2.051,,,0.133,,,0.766,,,

■corpus-11,本格グリル料理が楽しめるマイコン制御、10秒刻みで設定可能な0から30分の電子タイマー搭載。
文字,本,,,格,,,グ,,,リ,,,ル,,,料,,,理,,,が,,,楽,,,し,,,め,,,る,,,マ,,,イ,,,コ,,,ン,,,制,,,御,,,、,,,1,0,秒,,,刻,,,み,,,で,,,設,,,定,,,可,,,能,,,な,,,0,か,,,ら,,,3,0,分,,,の,,,電,,,子,,,タ,,,イ,,,マ,,,ー,,,搭,,,載,,,。,,
バイト(hex),E6,9C,AC,E6,A0,BC,E3,82,B0,E3,83,AA,E3,83,AB,E6,96,99,E7,90,86,E3,81,8C,E6,A5,BD,E3,81,97,E3,82,81,E3,82,8B,E3,83,9E,E3,82,A4,E3,82,B3,E3,83,B3,E5,88,B6,E5,BE,A1,E3,80,81,31,30,E7,A7,92,E5,88,BB,E3,81,BF,E3,81,A7,E8,A8,AD,E5,AE,9A,E5,8F,AF,E8,83,BD,E3,81,AA,30,E3,81,8B,E3,82,89,33,30,E5,88,86,E3,81,AE,E9,9B,BB,E5,AD,90,E3,82,BF,E3,82,A4,E3,83,9E,E3,83,BC,E6,90,AD,E8,BC,89,E3,80,82
エントロピー(bits),5.117,3.088,2.288,2.874,1.167,1.262,1.369,4.148,0.234,0.048,2.581,0.126,0.076,2.401,2.649,4.260,1.324,0.442,0.005,0.002,2.930,0.727,1.837,2.626,3.336,0.140,0.067,0.001,0.620,0.007,0.347,0.059,0.268,0.586,0.005,3.021,1.916,4.666,0.003,0.727,2.705,0.076,0.606,1.268,0.007,0.013,0.828,0.640,4.554,1.927,1.088,1.234,0.000,2.367,1.736,1.398,2.773,4.058,3.133,1.702,0.031,2.998,2.671,2.018,0.561,0.544,3.471,1.679,1.330,3.900,2.604,2.930,2.626,1.589,0.552,0.002,2.254,3.156,0.228,0.062,0.001,0.000,2.649,0.969,2.446,2.930,4.035,1.882,2.908,0.935,0.828,0.079,3.246,2.333,2.592,1.972,0.094,2.378,1.031,2.164,3.043,3.201,1.646,1.939,2.513,0.002,2.288,0.868,2.998,0.007,0.456,0.092,0.003,0.006,0.969,0.006,0.030,0.065,1.589,3.810,0.216,0.072,0.000,0.001,1.510,1.465,0.997,3.494
文字パッチ番号,0,0,1,1,1,2,2,2,3,3,3,4,4,4,5,5,5,6,6,6,7,7,7,8,8,8,9,9,9,10,10,10,11,11,11,12,12,12,13,13,13,14,14,14,15,15,15,16,16,16,17,17,17,18,18,18,19,20,21,21,21,22,22,22,23,23,23,24,24,24,25,25,25,26,26,26,27,27,27,28,28,28,29,29,29,30,31,31,31,32,32,32,33,34,35,35,35,36,36,36,37,37,37,38,38,38,39,39,39,40,40,40,41,41,41,42,42,42,43,43,43,44,44,44,45,45,45,
sum,12.984,,6.312,,,6.763,,,2.863,,,2.604,,,8.250,,,0.448,,,5.500,,,6.086,,,0.688,,,0.411,,,0.857,,,9.603,,,3.426,,,1.950,,,0.851,,,7.123,,,2.322,,,5.500,,,2.773,4.058,4.869,,,7.664,,,4.576,,,6.898,,,8.160,,,2.142,,,5.636,,,0.063,,,6.041,,,2.930,8.837,,,1.848,,,3.246,2.333,4.666,,,5.568,,,7.890,,,4.463,,,6.131,,,0.555,,,0.981,,,0.102,,,5.613,,,0.073,,,3.967,,,
sum/√ℓ (=H),7.484,,3.652,,,3.900,,,1.657,,,1.499,,,4.756,,,0.259,,,3.178,,,3.517,,,0.397,,,0.238,,,0.496,,,5.545,,,1.984,,,1.127,,,0.490,,,4.103,,,1.341,,,3.178,,,2.773,4.058,2.806,,,4.418,,,2.637,,,3.990,,,4.711,,,1.234,,,3.246,,,0.037,,,3.494,,,2.930,5.095,,,1.065,,,3.246,2.333,2.694,,,3.224,,,4.554,,,2.581,,,3.539,,,0.320,,,0.566,,,0.059,,,3.246,,,0.042,,,2.288,,,

■corpus-12,ウイスキーと肝臓の関係考えると、当然ウイスキーは肝臓に悪いと思います。
文字,ウ,,,イ,,,ス,,,キ,,,ー,,,と,,,肝,,,臓,,,の,,,関,,,係,,,考,,,え,,,る,,,と,,,、,,,当,,,然,,,ウ,,,イ,,,ス,,,キ,,,ー,,,は,,,肝,,,臓,,,に,,,悪,,,い,,,と,,,思,,,い,,,ま,,,す,,,。,,
バイト(hex),E3,82,A6,E3,82,A4,E3,82,B9,E3,82,AD,E3,83,BC,E3,81,A8,E8,82,9D,E8,87,93,E3,81,AE,E9,96,A2,E4,BF,82,E8,80,83,E3,81,88,E3,82,8B,E3,81,A8,E3,80,81,E5,BD,93,E7,84,B6,E3,82,A6,E3,82,A4,E3,82,B9,E3,82,AD,E3,83,BC,E3,81,AF,E8,82,9D,E8,87,93,E3,81,AB,E6,82,AA,E3,81,84,E3,81,A8,E6,80,9D,E3,81,84,E3,81,BE,E3,81,99,E3,80,82
エントロピー(bits),1.736,4.351,0.003,0.845,2.401,0.110,0.890,2.198,0.021,0.361,0.634,0.017,0.002,0.030,2.333,1.713,2.130,1.037,4.847,2.446,2.468,0.935,0.000,1.578,0.783,1.403,2.265,3.404,1.415,0.699,0.034,0.001,2.637,2.333,0.005,2.322,0.575,1.646,1.555,0.851,1.589,2.908,1.668,1.961,0.597,0.828,0.600,2.840,4.869,1.200,2.220,0.321,0.000,1.296,0.800,2.142,0.004,0.057,0.194,0.014,0.033,0.024,0.003,0.013,0.051,0.015,0.009,0.000,0.874,0.654,2.344,2.513,3.517,0.332,0.527,0.193,0.000,0.533,0.800,2.739,2.480,4.351,0.795,0.778,0.750,1.465,2.446,1.386,2.074,1.544,1.916,0.019,0.014,0.840,1.544,0.733,1.161,1.330,0.007,0.006,0.175,0.337,1.116,0.066,2.502
文字パッチ番号,0,0,1,1,1,2,2,2,3,3,3,4,4,4,5,5,5,6,6,6,7,7,7,8,8,8,9,9,9,10,10,10,11,11,11,12,12,12,13,13,13,14,14,14,15,15,15,16,16,16,17,17,17,18,18,18,19,19,19,20,20,20,21,21,21,22,22,22,23,23,23,24,24,24,25,25,25,26,26,26,27,27,27,28,28,28,29,29,29,30,30,30,31,31,31,32,32,32,33,33,33,34,34,34,
sum,10.820,,3.246,,,3.201,,,1.014,,,0.049,,,6.177,,,8.341,,,3.404,,,3.765,,,7.078,,,0.733,,,4.982,,,4.554,,,3.990,,,6.537,,,2.029,,,8.927,,,2.547,,,4.238,,,0.255,,,0.071,,,0.067,,,0.024,,,3.877,,,6.357,,,0.721,,,4.080,,,7.619,,,2.998,,,5.906,,,3.471,,,2.401,,,3.224,,,0.187,,,1.522,,,
sum/√ℓ (=H),6.267,,1.871,,,1.848,,,0.586,,,0.028,,,3.562,,,4.824,,,1.961,,,2.175,,,4.080,,,0.423,,,2.874,,,2.626,,,2.299,,,3.765,,,1.172,,,5.162,,,1.465,,,2.446,,,0.147,,,0.041,,,0.039,,,0.014,,,2.243,,,3.674,,,0.417,,,2.356,,,4.396,,,1.736,,,3.404,,,2.006,,,1.386,,,1.860,,,0.108,,,0.879,,,

■corpus-13,さらにこの支出は今後も増加し、2021年には92億ドルにまでなると予測されている。
文字,さ,,,ら,,,に,,,こ,,,の,,,支,,,出,,,は,,,今,,,後,,,も,,,増,,,加,,,し,,,、,,,2,0,2,1,年,,,に,,,は,,,9,2,億,,,ド,,,ル,,,に,,,ま,,,で,,,な,,,る,,,と,,,予,,,測,,,さ,,,れ,,,て,,,い,,,る,,,。,,
バイト(hex),E3,81,95,E3,82,89,E3,81,AB,E3,81,93,E3,81,AE,E6,94,AF,E5,87,BA,E3,81,AF,E4,BB,8A,E5,BE,8C,E3,82,82,E5,A2,97,E5,8A,A0,E3,81,97,E3,80,81,32,30,32,31,E5,B9,B4,E3,81,AB,E3,81,AF,39,32,E5,84,84,E3,83,89,E3,83,AB,E3,81,AB,E3,81,BE,E3,81,A7,E3,81,AA,E3,82,8B,E3,81,A8,E4,BA,88,E6,B8,AC,E3,81,95,E3,82,8C,E3,81,A6,E3,81,84,E3,82,8B,E3,80,82
エントロピー(bits),1.736,4.779,0.032,0.817,2.683,0.107,0.135,2.435,2.998,1.792,3.291,0.027,0.783,2.863,2.930,4.283,1.939,1.381,2.818,0.000,2.750,0.874,2.683,2.829,2.322,2.739,1.803,1.984,0.006,2.581,0.851,1.245,2.818,3.246,0.064,1.206,0.634,0.002,0.696,0.161,1.420,0.524,0.828,0.179,3.111,1.031,1.398,2.277,0.473,0.007,0.006,3.697,0.303,2.029,1.646,0.282,1.026,3.426,3.967,3.765,2.592,0.000,2.852,1.426,1.961,0.002,0.000,0.001,1.099,1.262,1.770,2.130,1.003,2.581,0.001,0.062,0.342,2.344,0.935,2.874,0.004,0.358,1.065,2.096,1.347,2.311,2.344,0.642,0.010,0.077,1.116,0.000,0.067,0.178,1.443,0.002,0.024,0.008,0.058,0.721,1.161,0.097,0.106,0.210,0.002,0.874,0.014,0.234,0.354,0.017,2.615
文字パッチ番号,0,0,1,1,1,2,2,2,3,3,3,4,4,4,5,5,5,6,6,6,7,7,7,8,8,8,9,9,9,10,10,10,11,11,11,12,12,12,13,13,13,14,14,14,15,16,17,18,19,19,19,20,20,20,21,21,21,22,23,24,24,24,25,25,25,26,26,26,27,27,27,28,28,28,29,29,29,30,30,30,31,31,31,32,32,32,33,33,33,34,34,34,35,35,35,36,36,36,37,37,37,38,38,38,39,39,39,40,40,40,
sum,11.271,,3.539,,,2.683,,,8.070,,,3.674,,,9.152,,,4.193,,,6.312,,,7.890,,,3.787,,,4.689,,,6.131,,,1.837,,,2.277,,,1.533,,,3.111,1.031,1.398,2.277,0.485,,,6.041,,,2.953,,,3.426,3.967,6.357,,,6.222,,,0.003,,,4.125,,,5.726,,,0.406,,,6.131,,,1.426,,,5.748,,,2.998,,,1.195,,,1.691,,,0.034,,,1.939,,,0.414,,,0.890,,,0.603,,,
sum/√ℓ (=H),6.492,,2.040,,,1.544,,,4.666,,,2.119,,,5.275,,,2.423,,,3.652,,,4.554,,,2.187,,,2.705,,,3.539,,,1.059,,,1.313,,,0.885,,,3.111,1.031,1.398,2.277,0.280,,,3.494,,,1.702,,,3.426,3.967,3.674,,,3.584,,,0.002,,,2.378,,,3.314,,,0.234,,,3.539,,,0.823,,,3.314,,,1.736,,,0.690,,,0.975,,,0.020,,,1.121,,,0.240,,,0.513,,,0.348,,,

■corpus-14,「月足では、株価が移動平均線に挟まれる形になっており、方向感を失っています。
文字,「,,,月,,,足,,,で,,,は,,,、,,,株,,,価,,,が,,,移,,,動,,,平,,,均,,,線,,,に,,,挟,,,ま,,,れ,,,る,,,形,,,に,,,な,,,っ,,,て,,,お,,,り,,,、,,,方,,,向,,,感,,,を,,,失,,,っ,,,て,,,い,,,ま,,,す,,,。,,
バイト(hex),E3,80,8C,E6,9C,88,E8,B6,B3,E3,81,A7,E3,81,AF,E3,80,81,E6,A0,AA,E4,BE,A1,E3,81,8C,E7,A7,BB,E5,8B,95,E5,B9,B3,E5,9D,87,E7,B7,9A,E3,81,AB,E6,8C,9F,E3,81,BE,E3,82,8C,E3,82,8B,E5,BD,A2,E3,81,AB,E3,81,AA,E3,81,A3,E3,81,A6,E3,81,8A,E3,82,8A,E3,80,81,E6,96,B9,E5,90,91,E6,84,9F,E3,82,92,E5,A4,B1,E3,81,A3,E3,81,A6,E3,81,84,E3,81,BE,E3,81,99,E3,80,82
エントロピー(bits),1.736,1.612,3.832,4.801,2.773,2.040,2.525,1.736,2.232,0.569,0.885,2.299,1.409,3.021,2.806,1.758,2.119,2.175,4.599,2.209,1.894,1.533,0.000,1.392,1.178,2.130,2.795,4.396,2.513,1.336,0.121,0.000,1.121,2.750,1.009,0.016,0.283,0.000,0.795,0.648,0.151,1.443,0.817,2.728,2.660,2.277,0.997,0.003,0.727,0.012,0.002,0.098,0.626,0.128,1.127,0.214,1.054,4.396,0.451,0.220,0.479,0.456,0.380,0.182,0.088,0.005,0.496,0.003,0.003,0.005,0.744,0.249,0.311,1.477,0.022,0.043,0.127,0.183,0.986,0.065,2.806,4.148,0.964,1.803,0.116,0.000,2.119,1.138,0.000,0.237,0.975,1.679,2.198,3.584,1.082,0.010,0.530,1.200,0.018,0.008,0.690,0.744,0.454,1.020,0.003,0.941,2.457,0.004,0.001,0.868,0.168,0.642,0.997,2.006
文字パッチ番号,0,0,1,1,1,2,2,2,3,3,3,4,4,4,5,5,5,6,6,6,7,7,7,8,8,8,9,9,9,10,10,10,11,11,11,12,12,12,13,13,13,14,14,14,15,15,15,16,16,16,17,17,17,18,18,18,19,19,19,20,20,20,21,21,21,22,22,22,23,23,23,24,24,24,25,25,25,26,26,26,27,27,27,28,28,28,29,29,29,30,30,30,31,31,31,32,32,32,33,33,33,34,34,34,35,35,35,36,36,36,37,37,37,
sum,8.115,,11.406,,,6.312,,,3.697,,,6.718,,,6.672,,,8.972,,,3.426,,,4.689,,,9.693,,,1.454,,,4.869,,,0.299,,,1.589,,,4.982,,,5.951,,,0.744,,,0.727,,,1.465,,,5.906,,,1.155,,,0.651,,,0.504,,,0.750,,,2.040,,,0.192,,,1.234,,,7.935,,,1.916,,,3.269,,,2.885,,,6.853,,,1.736,,,0.716,,,2.220,,,3.404,,,0.874,,,1.803,,,
sum/√ℓ (=H),4.689,,6.582,,,3.652,,,2.130,,,3.877,,,3.855,,,5.185,,,1.984,,,2.705,,,5.590,,,0.840,,,2.806,,,0.173,,,0.919,,,2.874,,,3.426,,,0.428,,,0.420,,,0.845,,,3.404,,,0.668,,,0.375,,,0.292,,,0.434,,,1.178,,,0.111,,,0.713,,,4.576,,,1.105,,,1.882,,,1.668,,,3.967,,,1.003,,,0.414,,,1.279,,,1.961,,,0.504,,,1.043,,,

■corpus-15,消費地である都市の復興と異なり、生産地の復興は、都市計画や防災を中心に論じても限界がある。
文字,消,,,費,,,地,,,で,,,あ,,,る,,,都,,,市,,,の,,,復,,,興,,,と,,,異,,,な,,,り,,,、,,,生,,,産,,,地,,,の,,,復,,,興,,,は,,,、,,,都,,,市,,,計,,,画,,,や,,,防,,,災,,,を,,,中,,,心,,,に,,,論,,,じ,,,て,,,も,,,限,,,界,,,が,,,あ,,,る,,,。,,
バイト(hex),E6,B6,88,E8,B2,BB,E5,9C,B0,E3,81,A7,E3,81,82,E3,82,8B,E9,83,BD,E5,B8,82,E3,81,AE,E5,BE,A9,E8,88,88,E3,81,A8,E7,95,B0,E3,81,AA,E3,82,8A,E3,80,81,E7,94,9F,E7,94,A3,E5,9C,B0,E3,81,AE,E5,BE,A9,E8,88,88,E3,81,AF,E3,80,81,E9,83,BD,E5,B8,82,E8,A8,88,E7,94,BB,E3,82,84,E9,98,B2,E7,81,BD,E3,82,92,E4,B8,AD,E5,BF,83,E3,81,AB,E8,AB,96,E3,81,98,E3,81,A6,E3,82,82,E9,99,90,E7,95,8C,E3,81,8C,E3,81,82,E3,82,8B,E3,80,82
エントロピー(bits),5.117,3.539,1.815,1.133,0.000,2.299,4.847,0.414,2.277,0.541,1.634,1.296,0.750,1.668,0.001,0.986,0.342,2.671,4.283,0.696,1.792,1.398,0.000,1.882,1.324,2.761,2.626,4.554,2.863,1.020,0.199,0.004,1.939,1.116,1.770,2.649,2.142,2.108,2.029,0.180,0.001,0.001,0.168,0.234,0.896,0.161,0.088,2.885,4.621,2.367,1.623,0.051,0.003,2.435,2.412,1.167,1.336,1.138,2.367,2.525,4.193,0.103,0.183,0.004,0.000,1.510,1.161,2.525,2.615,1.634,0.688,2.795,2.209,0.088,0.067,0.096,0.001,1.386,2.435,0.445,0.054,0.002,0.000,1.121,1.059,1.336,2.784,2.536,0.316,1.313,0.316,0.975,2.536,1.578,2.806,2.637,2.130,1.105,0.098,0.080,0.001,0.043,0.012,1.043,2.468,1.984,1.217,1.313,0.005,0.699,0.245,0.476,1.138,0.941,0.623,1.426,1.567,2.750,1.336,1.336,0.000,0.000,0.834,0.600,1.781,1.950,0.081,0.258,0.003,0.088,1.026,0.210,1.037,0.640,2.840
文字パッチ番号,0,0,1,1,1,2,2,2,3,3,3,4,4,4,5,5,5,6,6,6,7,7,7,8,8,8,9,9,9,10,10,10,11,11,11,12,12,12,13,13,13,14,14,14,15,15,15,16,16,16,17,17,17,18,18,18,19,19,19,20,20,20,21,21,21,22,22,22,23,23,23,24,24,24,25,25,25,26,26,26,27,27,27,28,28,28,29,29,29,30,30,30,31,31,31,32,32,32,33,33,33,34,34,34,35,35,35,36,36,36,37,37,37,38,38,38,39,39,39,40,40,40,41,41,41,42,42,42,43,43,43,44,44,44,
sum,13.435,,2.953,,,7.574,,,4.463,,,3.719,,,1.330,,,7.664,,,3.201,,,5.951,,,10.054,,,1.223,,,4.824,,,6.898,,,2.209,,,0.403,,,1.144,,,9.873,,,1.679,,,5.996,,,4.847,,,6.808,,,0.187,,,5.185,,,4.937,,,5.095,,,0.163,,,4.260,,,0.056,,,3.517,,,5.636,,,2.604,,,6.943,,,5.861,,,0.178,,,1.099,,,5.681,,,2.018,,,1.860,,,2.998,,,5.658,,,1.336,,,3.224,,,2.288,,,1.116,,,1.882,,,
sum/√ℓ (=H),7.754,,1.702,,,4.373,,,2.581,,,2.153,,,0.766,,,4.418,,,1.848,,,3.426,,,5.816,,,0.707,,,2.784,,,3.990,,,1.274,,,0.232,,,0.659,,,5.703,,,0.969,,,3.471,,,2.795,,,3.922,,,0.108,,,2.998,,,2.852,,,2.930,,,0.094,,,2.457,,,0.032,,,2.029,,,3.246,,,1.499,,,4.012,,,3.381,,,0.103,,,0.634,,,3.269,,,1.167,,,1.076,,,1.736,,,3.269,,,0.772,,,1.860,,,1.319,,,0.645,,,1.088,,,

■corpus-16,「味人めぐり」を作った後、今後の農政のあり方についての勉強会に参加したことがある。
文字,「,,,味,,,人,,,め,,,ぐ,,,り,,,」,,,を,,,作,,,っ,,,た,,,後,,,、,,,今,,,後,,,の,,,農,,,政,,,の,,,あ,,,り,,,方,,,に,,,つ,,,い,,,て,,,の,,,勉,,,強,,,会,,,に,,,参,,,加,,,し,,,た,,,こ,,,と,,,が,,,あ,,,る,,,。,,
バイト(hex),E3,80,8C,E5,91,B3,E4,BA,BA,E3,82,81,E3,81,90,E3,82,8A,E3,80,8D,E3,82,92,E4,BD,9C,E3,81,A3,E3,81,9F,E5,BE,8C,E3,80,81,E4,BB,8A,E5,BE,8C,E3,81,AE,E8,BE,B2,E6,94,BF,E3,81,AE,E3,81,82,E3,82,8A,E6,96,B9,E3,81,AB,E3,81,A4,E3,81,84,E3,81,A6,E3,81,AE,E5,8B,89,E5,BC,B7,E4,BC,9A,E3,81,AB,E5,8F,82,E5,8A,A0,E3,81,97,E3,81,9F,E3,81,93,E3,81,A8,E3,81,8C,E3,81,82,E3,82,8B,E3,80,82
エントロピー(bits),1.736,1.612,3.832,4.801,2.649,1.826,0.868,0.340,0.580,1.150,3.517,1.183,1.634,2.716,0.008,0.935,0.713,1.555,0.451,0.036,0.527,0.077,2.051,1.882,1.646,1.189,0.383,0.975,2.254,0.002,0.001,0.997,2.378,4.441,2.423,1.121,1.161,0.099,2.874,2.356,2.378,1.724,1.116,0.009,1.848,0.969,2.299,3.021,3.787,1.234,1.454,0.696,0.002,2.525,1.200,2.592,2.581,1.499,2.356,0.001,0.623,0.448,0.533,0.000,0.021,0.280,1.161,1.724,2.344,1.240,0.665,0.003,0.049,0.147,0.013,0.008,0.008,2.277,1.657,3.562,2.378,4.644,1.657,0.017,0.221,0.000,0.702,0.098,0.009,0.727,1.544,2.683,2.536,2.908,0.766,0.101,0.027,0.000,0.079,1.043,1.770,0.394,0.924,1.612,1.110,1.296,1.347,0.003,0.001,0.009,0.072,1.409,2.412,1.837,0.626,0.502,0.005,0.389,0.919,0.690,0.289,0.071,2.829
文字パッチ番号,0,0,1,1,1,2,2,2,3,3,3,4,4,4,5,5,5,6,6,6,7,7,7,8,8,8,9,9,9,10,10,10,11,11,11,12,12,12,13,13,13,14,14,14,15,15,15,16,16,16,17,17,17,18,18,18,19,19,19,20,20,20,21,21,21,22,22,22,23,23,23,24,24,24,25,25,25,26,26,26,27,27,27,28,28,28,29,29,29,30,30,30,31,31,31,32,32,32,33,33,33,34,34,34,35,35,35,36,36,36,37,37,37,38,38,38,39,39,39,40,40,40,
sum,8.115,,11.271,,,3.043,,,5.252,,,5.545,,,1.657,,,2.040,,,2.660,,,4.711,,,3.607,,,0.997,,,9.242,,,2.378,,,7.619,,,2.852,,,5.117,,,8.025,,,2.153,,,6.312,,,6.447,,,1.071,,,0.555,,,3.156,,,4.238,,,0.199,,,0.028,,,7.484,,,8.656,,,0.238,,,0.806,,,4.959,,,6.222,,,0.128,,,2.885,,,2.930,,,3.742,,,0.013,,,3.900,,,2.976,,,1.313,,,1.048,,,
sum/√ℓ (=H),4.689,,6.492,,,1.758,,,3.043,,,3.201,,,0.958,,,1.178,,,1.533,,,2.716,,,2.085,,,0.575,,,5.342,,,1.375,,,4.396,,,1.646,,,2.953,,,4.644,,,1.245,,,3.652,,,3.719,,,0.617,,,0.320,,,1.826,,,2.446,,,0.115,,,0.016,,,4.328,,,5.004,,,0.137,,,0.465,,,2.863,,,3.584,,,0.074,,,1.668,,,1.691,,,2.164,,,0.008,,,2.254,,,1.713,,,0.761,,,0.606,,,

■corpus-17,私たちはお客様に最高のショッピング体験とカスタマーサービスを提供することをお約束します。
文字,私,,,た,,,ち,,,は,,,お,,,客,,,様,,,に,,,最,,,高,,,の,,,シ,,,ョ,,,ッ,,,ピ,,,ン,,,グ,,,体,,,験,,,と,,,カ,,,ス,,,タ,,,マ,,,ー,,,サ,,,ー,,,ビ,,,ス,,,を,,,提,,,供,,,す,,,る,,,こ,,,と,,,を,,,お,,,約,,,束,,,し,,,ま,,,す,,,。,,
バイト(hex),E7,A7,81,E3,81,9F,E3,81,A1,E3,81,AF,E3,81,8A,E5,AE,A2,E6,A7,98,E3,81,AB,E6,9C,80,E9,AB,98,E3,81,AE,E3,82,B7,E3,83,A7,E3,83,83,E3,83,94,E3,83,B3,E3,82,B0,E4,BD,93,E9,A8,93,E3,81,A8,E3,82,AB,E3,82,B9,E3,82,BF,E3,83,9E,E3,83,BC,E3,82,B5,E3,83,BC,E3,83,93,E3,82,B9,E3,82,92,E6,8F,90,E4,BE,9B,E3,81,99,E3,82,8B,E3,81,93,E3,81,A8,E3,82,92,E3,81,8A,E7,B4,84,E6,9D,9F,E3,81,97,E3,81,BE,E3,81,99,E3,80,82
エントロピー(bits),5.388,2.547,2.423,0.156,2.187,0.002,0.001,0.163,0.575,0.634,1.781,3.021,1.634,3.291,2.660,3.224,1.065,0.941,0.000,0.001,0.217,0.862,2.367,2.468,4.644,2.784,2.018,1.274,0.002,0.738,0.114,0.941,2.457,1.600,3.404,0.001,0.947,2.976,0.003,0.005,0.104,0.002,0.128,2.029,0.002,0.002,0.003,0.040,0.196,0.002,0.092,2.142,1.026,0.952,0.001,0.000,0.476,0.620,2.299,2.311,0.845,4.215,0.003,0.874,1.657,0.036,0.347,0.026,0.010,0.004,0.228,0.005,0.124,0.004,0.372,1.268,0.907,0.003,1.071,0.958,0.004,0.036,0.018,0.003,0.015,0.000,0.241,1.110,0.039,2.389,0.507,0.001,0.144,0.000,0.026,0.058,0.175,1.195,0.001,0.028,0.025,1.443,1.285,1.522,0.008,0.002,0.004,0.054,1.375,0.237,2.536,1.792,2.829,2.108,2.401,0.034,0.003,0.012,0.015,0.044,0.493,1.178,0.013,0.533,1.578,0.003,0.001,0.941,0.192,0.138,0.059,2.694
文字パッチ番号,0,0,1,1,1,2,2,2,3,3,3,4,4,4,5,5,5,6,6,6,7,7,7,8,8,8,9,9,9,10,10,10,11,11,11,12,12,12,13,13,13,14,14,14,15,15,15,16,16,16,17,17,17,18,18,18,19,19,19,20,20,20,21,21,21,22,22,22,23,23,23,24,24,24,25,25,25,26,26,26,27,27,27,28,28,28,29,29,29,30,30,30,31,31,31,32,32,32,33,33,33,34,34,34,35,35,35,36,36,36,37,37,37,38,38,38,39,39,39,40,40,40,41,41,41,42,42,42,43,43,43,
sum,12.714,,4.756,,,0.166,,,2.998,,,7.935,,,6.943,,,0.941,,,3.449,,,9.919,,,3.291,,,1.792,,,7.484,,,3.922,,,0.112,,,2.164,,,0.007,,,0.238,,,3.269,,,0.952,,,3.404,,,7.394,,,2.536,,,0.409,,,0.242,,,0.132,,,2.547,,,2.029,,,0.057,,,0.018,,,1.392,,,2.908,,,0.170,,,1.426,,,0.055,,,4.238,,,0.014,,,1.668,,,7.168,,,4.531,,,0.030,,,1.713,,,2.119,,,0.947,,,0.389,,,
sum/√ℓ (=H),7.349,,2.750,,,0.096,,,1.736,,,4.576,,,4.012,,,0.544,,,1.995,,,5.726,,,1.905,,,1.037,,,4.328,,,2.265,,,0.065,,,1.251,,,0.004,,,0.137,,,1.882,,,0.549,,,1.961,,,4.260,,,1.465,,,0.235,,,0.140,,,0.076,,,1.465,,,1.172,,,0.033,,,0.010,,,0.806,,,1.679,,,0.098,,,0.823,,,0.032,,,2.446,,,0.008,,,0.964,,,4.148,,,2.615,,,0.018,,,0.992,,,1.223,,,0.547,,,0.224,,,

■corpus-18,万一大量に飲み込んだ時は、水を飲ませる等の処置を行い、医師に相談してください。
文字,万,,,一,,,大,,,量,,,に,,,飲,,,み,,,込,,,ん,,,だ,,,時,,,は,,,、,,,水,,,を,,,飲,,,ま,,,せ,,,る,,,等,,,の,,,処,,,置,,,を,,,行,,,い,,,、,,,医,,,師,,,に,,,相,,,談,,,し,,,て,,,く,,,だ,,,さ,,,い,,,。,,
バイト(hex),E4,B8,87,E4,B8,80,E5,A4,A7,E9,87,8F,E3,81,AB,E9,A3,B2,E3,81,BF,E8,BE,BC,E3,82,93,E3,81,A0,E6,99,82,E3,81,AF,E3,80,81,E6,B0,B4,E3,82,92,E9,A3,B2,E3,81,BE,E3,81,9B,E3,82,8B,E7,AD,89,E3,81,AE,E5,87,A6,E7,BD,AE,E3,82,92,E8,A1,8C,E3,81,84,E3,80,81,E5,8C,BB,E5,B8,AB,E3,81,AB,E7,9B,B8,E8,AB,87,E3,81,97,E3,81,A6,E3,81,8F,E3,81,A0,E3,81,95,E3,81,84,E3,80,82
エントロピー(bits),2.333,3.224,2.592,1.882,3.629,2.581,5.049,3.088,2.615,2.153,1.770,2.277,2.051,4.463,2.694,3.765,1.437,1.465,0.530,0.340,1.702,0.234,0.011,0.001,0.890,1.341,0.002,0.001,0.896,3.291,4.756,0.958,1.257,1.116,2.040,2.750,0.958,0.221,2.750,4.937,1.499,2.637,1.014,0.409,2.547,2.322,0.482,0.063,0.997,1.093,0.002,0.118,1.995,0.245,0.947,0.828,2.175,4.644,1.330,2.029,0.992,2.705,2.626,3.607,1.499,0.425,0.564,0.038,0.476,1.082,0.338,2.265,1.454,0.001,0.001,0.125,1.578,0.645,0.924,0.044,2.840,5.049,2.311,1.792,0.645,0.000,1.279,0.913,2.705,2.739,4.058,1.443,1.724,0.135,0.125,0.142,0.907,1.488,0.392,0.611,1.426,2.468,1.488,2.694,0.007,1.003,0.015,0.007,0.010,0.026,0.002,0.142,0.541,0.293,0.372,0.158,3.088
文字パッチ番号,0,0,1,1,1,2,2,2,3,3,3,4,4,4,5,5,5,6,6,6,7,7,7,8,8,8,9,9,9,10,10,10,11,11,11,12,12,12,13,13,13,14,14,14,15,15,15,16,16,16,17,17,17,18,18,18,19,19,19,20,20,20,21,21,21,22,22,22,23,23,23,24,24,24,25,25,25,26,26,26,27,27,27,28,28,28,29,29,29,30,30,30,31,31,31,32,32,32,33,33,33,34,34,34,35,35,35,36,36,36,37,37,37,38,38,38,
sum,10.324,,8.115,,,10.730,,,6.537,,,8.791,,,7.890,,,2.333,,,1.950,,,2.232,,,0.902,,,9.017,,,4.418,,,3.922,,,9.197,,,4.058,,,5.342,,,2.153,,,2.119,,,2.018,,,8.160,,,5.726,,,7.754,,,1.026,,,1.894,,,3.719,,,1.702,,,1.612,,,10.189,,,2.435,,,4.892,,,8.250,,,1.984,,,2.536,,,2.435,,,6.672,,,1.026,,,0.043,,,0.685,,,0.823,,,
sum/√ℓ (=H),5.951,,4.689,,,6.177,,,3.765,,,5.072,,,4.554,,,1.347,,,1.127,,,1.291,,,0.521,,,5.207,,,2.547,,,2.265,,,5.320,,,2.344,,,3.088,,,1.245,,,1.223,,,1.167,,,4.711,,,3.314,,,4.486,,,0.592,,,1.093,,,2.153,,,0.981,,,0.930,,,5.861,,,1.403,,,2.829,,,4.756,,,1.144,,,1.465,,,1.403,,,3.855,,,0.592,,,0.025,,,0.394,,,0.476,,,

■corpus-19,社会保険庁の職員の約9割は労働組合の自治労・国費評議会に加盟しています。
文字,社,,,会,,,保,,,険,,,庁,,,の,,,職,,,員,,,の,,,約,,,9,割,,,は,,,労,,,働,,,組,,,合,,,の,,,自,,,治,,,労,,,・,,,国,,,費,,,評,,,議,,,会,,,に,,,加,,,盟,,,し,,,て,,,い,,,ま,,,す,,,。,,
バイト(hex),E7,A4,BE,E4,BC,9A,E4,BF,9D,E9,99,BA,E5,BA,81,E3,81,AE,E8,81,B7,E5,93,A1,E3,81,AE,E7,B4,84,39,E5,89,B2,E3,81,AF,E5,8A,B4,E5,83,8D,E7,B5,84,E5,90,88,E3,81,AE,E8,87,AA,E6,B2,BB,E5,8A,B4,E3,83,BB,E5,9B,BD,E8,B2,BB,E8,A9,95,E8,AD,B0,E4,BC,9A,E3,81,AB,E5,8A,A0,E7,9B,9F,E3,81,97,E3,81,A6,E3,81,84,E3,81,BE,E3,81,99,E3,80,82
エントロピー(bits),5.388,1.510,0.817,0.064,0.000,2.750,1.296,0.147,0.251,0.975,0.000,2.604,3.336,0.549,1.167,1.296,2.389,1.815,3.404,0.209,0.061,1.522,0.000,3.156,0.800,2.559,2.299,4.238,0.657,3.404,2.243,0.056,0.006,1.837,0.569,1.510,1.837,4.283,0.744,0.334,0.032,0.000,2.378,0.845,0.055,0.000,0.000,0.000,2.570,1.364,2.209,2.908,3.066,0.154,1.860,0.394,0.000,0.185,3.111,1.127,0.029,0.738,0.027,2.299,3.471,1.217,2.018,2.243,0.031,2.265,1.110,1.268,1.984,0.110,0.010,0.330,0.014,0.000,1.646,0.964,2.175,2.108,3.336,1.454,1.713,1.336,0.127,0.248,0.168,1.127,0.358,0.919,0.331,0.380,0.128,0.323,0.003,0.840,1.431,0.005,0.002,0.403,0.417,0.425,0.021,3.404
文字パッチ番号,0,0,1,1,1,2,2,2,3,3,3,4,4,4,5,5,5,6,6,6,7,7,7,8,8,8,9,9,9,10,11,11,11,12,12,12,13,13,13,14,14,14,15,15,15,16,16,16,17,17,17,18,18,18,19,19,19,20,20,20,21,21,21,22,22,22,23,23,23,24,24,24,25,25,25,26,26,26,27,27,27,28,28,28,29,29,29,30,30,30,31,31,31,32,32,32,33,33,33,34,34,34,35,35,35,
sum,11.632,,0.879,,,4.193,,,1.229,,,6.492,,,4.847,,,5.433,,,1.578,,,6.492,,,7.213,,,3.404,2.311,,,3.922,,,6.853,,,0.366,,,3.269,,,0.000,,,6.131,,,6.131,,,2.254,,,4.418,,,0.795,,,6.988,,,4.283,,,4.644,,,2.108,,,0.344,,,4.779,,,6.898,,,3.178,,,1.544,,,1.612,,,0.834,,,2.277,,,0.409,,,0.862,,,
sum/√ℓ (=H),6.718,,0.507,,,2.423,,,0.710,,,3.742,,,2.795,,,3.133,,,0.913,,,3.742,,,4.170,,,3.404,1.336,,,2.265,,,3.967,,,0.211,,,1.882,,,0.000,,,3.539,,,3.539,,,1.302,,,2.547,,,0.459,,,4.035,,,2.468,,,2.683,,,1.217,,,0.199,,,2.761,,,3.990,,,1.837,,,0.890,,,0.930,,,0.482,,,1.313,,,0.235,,,0.499,,,

■corpus-20,(1)箝口令自体社会正義に反するので派遣会社が情報を秘守するならば相談しても問題ない。
文字,(,1,),箝,,,口,,,令,,,自,,,体,,,社,,,会,,,正,,,義,,,に,,,反,,,す,,,る,,,の,,,で,,,派,,,遣,,,会,,,社,,,が,,,情,,,報,,,を,,,秘,,,守,,,す,,,る,,,な,,,ら,,,ば,,,相,,,談,,,し,,,て,,,も,,,問,,,題,,,な,,,い,,,。,,
バイト(hex),28,31,29,E7,AE,9D,E5,8F,A3,E4,BB,A4,E8,87,AA,E4,BD,93,E7,A4,BE,E4,BC,9A,E6,AD,A3,E7,BE,A9,E3,81,AB,E5,8F,8D,E3,81,99,E3,82,8B,E3,81,AE,E3,81,A7,E6,B4,BE,E9,81,A3,E4,BC,9A,E7,A4,BE,E3,81,8C,E6,83,85,E5,A0,B1,E3,82,92,E7,A7,98,E5,AE,88,E3,81,99,E3,82,8B,E3,81,AA,E3,82,89,E3,81,B0,E7,9B,B8,E8,AB,87,E3,81,97,E3,81,A6,E3,82,82,E5,95,8F,E9,A1,8C,E3,81,AA,E3,81,84,E3,80,82
エントロピー(bits),5.027,3.629,1.860,5.410,2.164,2.536,3.629,1.702,2.874,2.592,2.829,3.562,5.365,1.882,2.480,2.502,2.006,2.705,4.283,0.355,0.713,0.082,0.001,2.930,4.779,1.138,1.972,2.288,0.006,2.818,0.589,2.108,2.085,2.018,0.510,0.690,0.002,0.572,0.005,0.017,0.006,2.874,1.522,2.761,0.468,0.073,1.837,0.789,5.049,1.229,1.724,1.144,0.000,1.499,1.961,0.727,0.459,0.000,0.113,0.676,1.110,2.908,2.728,5.004,1.454,0.083,0.116,0.000,2.153,1.026,0.834,2.660,3.269,0.795,0.241,0.151,0.128,1.065,0.671,2.694,0.006,0.032,0.471,1.792,1.121,2.829,0.026,0.795,0.544,2.220,1.133,0.547,2.480,4.328,2.108,1.691,1.589,0.002,2.356,1.065,3.336,0.778,0.930,2.491,1.939,1.307,0.592,2.187,3.855,0.964,0.845,0.001,0.002,0.185,0.318,1.781,0.045,0.005,0.471,0.623,1.105,1.279,2.930
文字パッチ番号,1,2,3,3,3,4,4,4,5,5,5,6,6,6,7,7,7,8,8,8,9,9,9,10,10,10,11,11,11,12,12,12,13,13,13,14,14,14,15,15,15,16,16,16,17,17,17,18,18,18,19,19,19,20,20,20,21,21,21,22,22,22,23,23,23,24,24,24,25,25,25,26,26,26,27,27,27,28,28,28,29,29,29,30,30,30,31,31,31,32,32,32,33,33,33,34,34,34,35,35,35,36,36,36,37,37,37,38,38,38,39,39,39,40,40,40,41,41,41,42,42,42,
sum,5.027,3.629,9.423,,,7.845,,,8.295,,,10.820,,,6.988,,,7.349,,,0.795,,,8.837,,,4.260,,,5.523,,,4.621,,,1.262,,,0.028,,,7.168,,,2.378,,,7.078,,,2.874,,,4.193,,,0.572,,,4.689,,,9.197,,,0.200,,,4.012,,,6.718,,,0.518,,,4.418,,,0.507,,,5.748,,,1.364,,,3.900,,,8.927,,,3.291,,,6.763,,,4.193,,,3.832,,,6.988,,,0.845,,,2.288,,,0.521,,,2.998,,,
sum/√ℓ (=H),5.027,3.629,5.433,,,4.531,,,4.779,,,6.267,,,4.035,,,4.238,,,0.459,,,5.095,,,2.457,,,3.178,,,2.671,,,0.727,,,0.016,,,4.148,,,1.375,,,4.080,,,1.657,,,2.423,,,0.330,,,2.705,,,5.320,,,0.116,,,2.322,,,3.877,,,0.299,,,2.547,,,0.293,,,3.314,,,0.789,,,2.254,,,5.162,,,1.905,,,3.900,,,2.423,,,2.209,,,4.035,,,0.487,,,1.319,,,0.302,,,1.736,,,

■corpus-21,企業、団体、個人、行政など、多様な方々が参加しています。
文字,企,,,業,,,、,,,団,,,体,,,、,,,個,,,人,,,、,,,行,,,政,,,な,,,ど,,,、,,,多,,,様,,,な,,,方,,,々,,,が,,,参,,,加,,,し,,,て,,,い,,,ま,,,す,,,。,,
バイト(hex),E4,BC,81,E6,A5,AD,E3,80,81,E5,9B,A3,E4,BD,93,E3,80,81,E5,80,8B,E4,BA,BA,E3,80,81,E8,A1,8C,E6,94,BF,E3,81,AA,E3,81,A9,E3,80,81,E5,A4,9A,E6,A7,98,E3,81,AA,E6,96,B9,E3,80,85,E3,81,8C,E5,8F,82,E5,8A,A0,E3,81,97,E3,81,A6,E3,81,84,E3,81,BE,E3,81,99,E3,80,82
エントロピー(bits),2.333,2.119,2.063,0.034,0.029,2.818,1.668,1.871,2.829,4.012,1.375,0.043,0.000,0.000,2.198,1.150,0.041,2.423,3.810,0.710,0.017,0.001,0.000,1.894,1.443,0.058,2.153,3.787,0.378,0.834,0.727,0.001,2.435,1.431,2.525,0.001,0.005,0.001,0.690,0.592,0.913,2.660,3.990,1.268,1.691,1.285,0.000,0.083,0.025,1.454,2.547,2.806,1.257,1.341,0.896,0.060,0.372,0.589,2.085,2.592,4.328,0.958,0.392,0.693,0.000,0.297,0.479,1.251,0.400,0.845,1.138,1.054,0.611,0.930,0.002,0.806,1.724,0.001,0.000,0.057,0.380,0.356,0.142,2.671
文字パッチ番号,0,0,1,1,1,2,2,2,3,3,3,4,4,4,5,5,5,6,6,6,7,7,7,8,8,8,9,9,9,10,10,10,11,11,11,12,12,12,13,13,13,14,14,14,15,15,15,16,16,16,17,17,17,18,18,18,19,19,19,20,20,20,21,21,21,22,22,22,23,23,23,24,24,24,25,25,25,26,26,26,27,27,27,
sum,9.197,,2.130,,,6.357,,,8.205,,,0.043,,,3.381,,,6.943,,,0.018,,,3.404,,,6.312,,,1.567,,,6.402,,,0.007,,,2.198,,,7.935,,,2.976,,,1.567,,,6.627,,,2.299,,,3.043,,,7.890,,,1.088,,,2.029,,,2.389,,,2.592,,,2.536,,,0.058,,,0.879,,,
sum/√ℓ (=H),5.320,,1.229,,,3.674,,,4.734,,,0.025,,,1.950,,,4.012,,,0.010,,,1.961,,,3.652,,,0.907,,,3.697,,,0.004,,,1.268,,,4.576,,,1.713,,,0.907,,,3.832,,,1.330,,,1.758,,,4.554,,,0.628,,,1.172,,,1.381,,,1.499,,,1.465,,,0.034,,,0.507,,,

■corpus-22,今の不動産を売却したいと言うだけだったら、この位のデータ収集で準備万端でしょう。
文字,今,,,の,,,不,,,動,,,産,,,を,,,売,,,却,,,し,,,た,,,い,,,と,,,言,,,う,,,だ,,,け,,,だ,,,っ,,,た,,,ら,,,、,,,こ,,,の,,,位,,,の,,,デ,,,ー,,,タ,,,収,,,集,,,で,,,準,,,備,,,万,,,端,,,で,,,し,,,ょ,,,う,,,。,,
バイト(hex),E4,BB,8A,E3,81,AE,E4,B8,8D,E5,8B,95,E7,94,A3,E3,82,92,E5,A3,B2,E5,8D,B4,E3,81,97,E3,81,9F,E3,81,84,E3,81,A8,E8,A8,80,E3,81,86,E3,81,A0,E3,81,91,E3,81,A0,E3,81,A3,E3,81,9F,E3,82,89,E3,80,81,E3,81,93,E3,81,AE,E4,BD,8D,E3,81,AE,E3,83,87,E3,83,BC,E3,82,BF,E5,8F,8E,E9,9B,86,E3,81,A7,E6,BA,96,E5,82,99,E4,B8,87,E7,AB,AF,E3,81,A7,E3,81,97,E3,82,87,E3,81,86,E3,80,82
エントロピー(bits),2.333,3.674,2.378,1.533,2.863,3.156,2.006,2.254,2.119,3.359,0.002,0.079,0.002,0.005,2.728,1.623,2.423,2.863,3.967,0.654,1.065,0.070,0.000,0.164,0.088,1.048,0.482,1.105,1.375,1.860,0.634,1.770,2.446,1.020,2.288,1.747,2.243,0.800,0.009,0.178,1.375,2.671,0.490,2.660,0.005,0.361,0.363,0.008,0.004,1.178,0.131,1.499,2.029,0.014,0.006,0.041,2.119,1.431,3.742,2.006,0.997,0.671,2.671,1.657,4.328,0.007,0.997,1.702,2.694,1.803,1.871,1.544,0.964,3.133,2.716,1.612,4.621,0.008,0.975,1.815,0.029,0.414,0.001,0.369,2.164,0.679,0.085,0.106,0.000,0.879,1.262,3.156,2.446,5.275,2.164,0.063,0.024,0.000,0.783,1.770,1.178,2.142,0.189,0.862,1.747,1.138,3.156,1.223,0.834,1.347,0.039,0.975,0.040,0.079,0.120,0.007,0.473,1.048,0.645,2.976
文字パッチ番号,0,0,1,1,1,2,2,2,3,3,3,4,4,4,5,5,5,6,6,6,7,7,7,8,8,8,9,9,9,10,10,10,11,11,11,12,12,12,13,13,13,14,14,14,15,15,15,16,16,16,17,17,17,18,18,18,19,19,19,20,20,20,21,21,21,22,22,22,23,23,23,24,24,24,25,25,25,26,26,26,27,27,27,28,28,28,29,29,29,30,30,30,31,31,31,32,32,32,33,33,33,34,34,34,35,35,35,36,36,36,37,37,37,38,38,38,39,39,39,
sum,10.775,,6.763,,,7.394,,,5.478,,,0.086,,,6.763,,,7.484,,,1.133,,,1.302,,,2.953,,,4.260,,,5.748,,,4.779,,,1.567,,,5.816,,,0.727,,,1.189,,,3.652,,,0.061,,,7.304,,,3.674,,,8.656,,,2.705,,,6.357,,,5.636,,,8.927,,,2.795,,,0.445,,,3.201,,,0.192,,,5.297,,,9.873,,,0.087,,,3.742,,,3.201,,,6.041,,,3.404,,,1.054,,,0.207,,,2.164,,,
sum/√ℓ (=H),6.222,,3.900,,,4.260,,,3.156,,,0.050,,,3.900,,,4.328,,,0.654,,,0.750,,,1.702,,,2.457,,,3.314,,,2.761,,,0.907,,,3.359,,,0.420,,,0.688,,,2.108,,,0.035,,,4.215,,,2.119,,,5.004,,,1.567,,,3.674,,,3.246,,,5.162,,,1.612,,,0.256,,,1.848,,,0.111,,,3.066,,,5.703,,,0.050,,,2.164,,,1.848,,,3.494,,,1.961,,,0.609,,,0.120,,,1.251,,,

■corpus-23,でも、自分のお芝居と直面して考えたりする中で、自分を見つめ直せる時間もたくさん得られました。
文字,で,,,も,,,、,,,自,,,分,,,の,,,お,,,芝,,,居,,,と,,,直,,,面,,,し,,,て,,,考,,,え,,,た,,,り,,,す,,,る,,,中,,,で,,,、,,,自,,,分,,,を,,,見,,,つ,,,め,,,直,,,せ,,,る,,,時,,,間,,,も,,,た,,,く,,,さ,,,ん,,,得,,,ら,,,れ,,,ま,,,し,,,た,,,。,,
バイト(hex),E3,81,A7,E3,82,82,E3,80,81,E8,87,AA,E5,88,86,E3,81,AE,E3,81,8A,E8,8A,9D,E5,B1,85,E3,81,A8,E7,9B,B4,E9,9D,A2,E3,81,97,E3,81,A6,E8,80,83,E3,81,88,E3,81,9F,E3,82,8A,E3,81,99,E3,82,8B,E4,B8,AD,E3,81,A7,E3,80,81,E8,87,AA,E5,88,86,E3,82,92,E8,A6,8B,E3,81,A4,E3,82,81,E7,9B,B4,E3,81,9B,E3,82,8B,E6,99,82,E9,96,93,E3,82,82,E3,81,9F,E3,81,8F,E3,81,95,E3,82,93,E5,BE,97,E3,82,89,E3,82,8C,E3,81,BE,E3,81,97,E3,81,9F,E3,80,82
エントロピー(bits),1.736,4.779,0.640,1.212,1.465,2.423,1.381,1.037,2.930,4.914,0.211,1.657,1.409,0.000,0.487,0.778,2.311,2.976,1.589,2.513,2.423,2.998,1.088,0.231,0.316,0.077,0.361,1.065,3.269,1.150,4.080,1.691,1.375,1.691,0.041,0.516,0.032,1.860,0.084,0.087,1.161,1.381,4.193,0.289,0.085,0.001,0.002,0.197,1.037,1.702,1.612,1.178,2.806,0.620,1.088,2.051,0.004,0.020,0.120,1.736,2.446,2.468,1.127,1.054,0.414,1.792,1.212,0.338,2.840,3.697,0.009,0.428,0.170,0.001,0.344,0.468,1.437,2.637,4.058,1.037,0.476,0.273,1.792,0.007,0.874,0.163,0.411,1.724,0.213,0.005,0.002,1.307,0.053,0.812,2.175,2.029,4.779,0.510,1.392,0.003,0.000,0.406,1.138,0.930,2.457,1.324,3.246,0.003,0.304,2.232,0.006,0.103,0.018,0.002,0.199,0.001,0.502,2.096,0.092,0.032,0.702,1.099,0.002,0.001,0.000,0.058,0.964,2.344,0.006,0.003,1.223,0.021,0.707,0.063,0.234,0.448,0.203,2.885
文字パッチ番号,0,0,1,1,1,2,2,2,3,3,3,4,4,4,5,5,5,6,6,6,7,7,7,8,8,8,9,9,9,10,10,10,11,11,11,12,12,12,13,13,13,14,14,14,15,15,15,16,16,16,17,17,17,18,18,18,19,19,19,20,20,20,21,21,21,22,22,22,23,23,23,24,24,24,25,25,25,26,26,26,27,27,27,28,28,28,29,29,29,30,30,30,31,31,31,32,32,32,33,33,33,34,34,34,35,35,35,36,36,36,37,37,37,38,38,38,39,39,39,40,40,40,41,41,41,42,42,42,43,43,43,44,44,44,45,45,45,
sum,11.271,,3.314,,,4.847,,,8.070,,,3.066,,,3.584,,,7.078,,,6.492,,,0.623,,,4.689,,,6.943,,,3.111,,,2.412,,,1.330,,,5.861,,,0.088,,,2.930,,,5.590,,,3.765,,,0.144,,,6.672,,,2.592,,,3.336,,,6.537,,,0.600,,,2.254,,,7.754,,,2.547,,,1.043,,,2.344,,,1.313,,,3.043,,,7.304,,,1.392,,,2.480,,,7.033,,,2.536,,,0.127,,,0.201,,,2.694,,,1.837,,,0.003,,,3.359,,,1.234,,,0.789,,,0.885,,,
sum/√ℓ (=H),6.492,,1.916,,,2.795,,,4.666,,,1.770,,,2.074,,,4.080,,,3.742,,,0.359,,,2.705,,,4.012,,,1.792,,,1.392,,,0.766,,,3.381,,,0.051,,,1.691,,,3.224,,,2.175,,,0.083,,,3.855,,,1.499,,,1.927,,,3.765,,,0.347,,,1.302,,,4.486,,,1.465,,,0.603,,,1.353,,,0.761,,,1.758,,,4.215,,,0.806,,,1.431,,,4.058,,,1.465,,,0.073,,,0.116,,,1.555,,,1.059,,,0.002,,,1.939,,,0.713,,,0.456,,,0.510,,,

■corpus-24,もはや、プロモーションを終えてしまっているので、打つ手はなし。
文字,も,,,は,,,や,,,、,,,プ,,,ロ,,,モ,,,ー,,,シ,,,ョ,,,ン,,,を,,,終,,,え,,,て,,,し,,,ま,,,っ,,,て,,,い,,,る,,,の,,,で,,,、,,,打,,,つ,,,手,,,は,,,な,,,し,,,。,,
バイト(hex),E3,82,82,E3,81,AF,E3,82,84,E3,80,81,E3,83,97,E3,83,AD,E3,83,A2,E3,83,BC,E3,82,B7,E3,83,A7,E3,83,B3,E3,82,92,E7,B5,82,E3,81,88,E3,81,A6,E3,81,97,E3,81,BE,E3,81,A3,E3,81,A6,E3,81,84,E3,82,8B,E3,81,AE,E3,81,A7,E3,80,81,E6,89,93,E3,81,A4,E6,89,8B,E3,81,AF,E3,81,AA,E3,81,97,E3,80,82
エントロピー(bits),1.736,4.351,0.046,0.941,3.043,0.256,0.287,0.012,0.397,0.451,1.420,3.359,1.477,5.320,0.031,0.256,3.156,1.274,0.812,3.810,0.558,0.397,2.051,0.016,0.156,0.719,0.003,0.000,0.000,0.004,0.001,0.091,2.085,1.770,3.855,2.761,3.426,2.153,1.229,0.345,0.033,0.634,1.121,1.522,2.277,1.341,3.043,0.008,0.409,0.048,0.006,0.025,1.668,0.007,0.016,0.688,0.592,0.648,1.567,0.003,0.874,0.778,2.198,1.138,3.088,0.187,0.555,2.750,0.490,0.975,0.118,2.502,4.937,2.119,2.085,0.031,1.803,0.555,4.080,0.828,0.930,0.857,2.773,2.525,1.679,4.847,0.053,0.521,0.885,0.879,1.420,1.099,2.806
文字パッチ番号,0,0,1,1,1,2,2,2,3,3,3,4,4,4,5,5,5,6,6,6,7,7,7,8,8,8,9,9,9,10,10,10,11,11,11,12,12,12,13,13,13,14,14,14,15,15,15,16,16,16,17,17,17,18,18,18,19,19,19,20,20,20,21,21,21,22,22,22,23,23,23,24,24,24,25,25,25,26,26,26,27,27,27,28,28,28,29,29,29,30,30,30,
sum,10.820,,4.035,,,0.555,,,2.265,,,10.144,,,3.449,,,5.906,,,2.998,,,0.890,,,0.004,,,0.096,,,7.709,,,8.341,,,1.612,,,3.269,,,6.672,,,0.465,,,1.702,,,0.710,,,2.806,,,1.657,,,6.402,,,3.494,,,1.578,,,9.558,,,3.922,,,5.455,,,4.554,,,9.062,,,1.454,,,3.404,,,
sum/√ℓ (=H),6.267,,2.333,,,0.320,,,1.307,,,5.861,,,1.995,,,3.404,,,1.736,,,0.513,,,0.002,,,0.055,,,4.441,,,4.824,,,0.930,,,1.882,,,3.855,,,0.269,,,0.981,,,0.409,,,1.623,,,0.958,,,3.697,,,2.018,,,0.913,,,5.523,,,2.265,,,3.156,,,2.626,,,5.230,,,0.840,,,1.961,,,

■corpus-25,繋がらないので派遣会社に電話すると「もうみんな入っちゃったみたいだから直行で。
文字,繋,,,が,,,ら,,,な,,,い,,,の,,,で,,,派,,,遣,,,会,,,社,,,に,,,電,,,話,,,す,,,る,,,と,,,「,,,も,,,う,,,み,,,ん,,,な,,,入,,,っ,,,ち,,,ゃ,,,っ,,,た,,,み,,,た,,,い,,,だ,,,か,,,ら,,,直,,,行,,,で,,,。,,
バイト(hex),E7,B9,8B,E3,81,8C,E3,82,89,E3,81,AA,E3,81,84,E3,81,AE,E3,81,A7,E6,B4,BE,E9,81,A3,E4,BC,9A,E7,A4,BE,E3,81,AB,E9,9B,BB,E8,A9,B1,E3,81,99,E3,82,8B,E3,81,A8,E3,80,8C,E3,82,82,E3,81,86,E3,81,BF,E3,82,93,E3,81,AA,E5,85,A5,E3,81,A3,E3,81,A1,E3,82,83,E3,81,A3,E3,81,9F,E3,81,BF,E3,81,9F,E3,81,84,E3,81,A0,E3,81,8B,E3,82,89,E7,9B,B4,E8,A1,8C,E3,81,A7,E3,80,82
エントロピー(bits),5.388,2.930,2.829,0.657,3.291,0.005,0.089,1.279,1.454,0.890,1.600,0.180,0.575,2.108,2.040,1.110,4.012,0.902,0.262,2.085,2.063,5.320,2.592,0.268,1.268,0.001,1.984,1.679,0.039,0.031,0.000,0.389,0.890,0.907,2.908,2.649,2.885,1.121,0.504,0.042,0.000,0.490,0.907,2.818,0.021,0.001,0.237,1.200,1.065,2.480,2.040,1.392,0.442,2.716,1.403,4.260,0.060,0.516,1.291,2.716,1.758,4.148,0.048,0.913,2.164,0.363,0.289,2.322,2.480,4.283,2.908,2.604,1.076,0.851,0.034,0.051,0.282,0.114,0.375,0.005,0.073,0.237,1.245,0.023,0.015,1.150,0.628,1.477,3.674,0.016,0.119,0.225,0.022,0.036,0.106,0.440,1.307,3.088,0.263,1.510,2.604,0.132,0.037,0.268,1.274,3.652,1.860,1.634,0.617,0.143,1.533,0.628,2.547,0.272,0.076,1.443,1.200
文字パッチ番号,0,0,1,1,1,2,2,2,3,3,3,4,4,4,5,5,5,6,6,6,7,7,7,8,8,8,9,9,9,10,10,10,11,11,11,12,12,12,13,13,13,14,14,14,15,15,15,16,16,16,17,17,17,18,18,18,19,19,19,20,20,20,21,21,21,22,22,22,23,23,23,24,24,24,25,25,25,26,26,26,27,27,27,28,28,28,29,29,29,30,30,30,31,31,31,32,32,32,33,33,33,34,34,34,35,35,35,36,36,36,37,37,37,38,38,38,
sum,13.074,,6.763,,,1.375,,,3.945,,,2.863,,,7.168,,,3.246,,,9.964,,,1.533,,,3.697,,,0.420,,,4.711,,,6.672,,,0.547,,,4.215,,,0.258,,,4.734,,,3.877,,,8.386,,,1.871,,,8.611,,,3.133,,,2.976,,,9.648,,,4.531,,,0.366,,,0.493,,,1.555,,,1.189,,,5.771,,,0.361,,,0.163,,,4.824,,,4.373,,,0.437,,,6.763,,,2.389,,,4.711,,,1.792,,,
sum/√ℓ (=H),7.529,,3.900,,,0.795,,,2.277,,,1.657,,,4.148,,,1.871,,,5.748,,,0.885,,,2.130,,,0.242,,,2.716,,,3.855,,,0.316,,,2.435,,,0.149,,,2.728,,,2.243,,,4.847,,,1.082,,,4.982,,,1.815,,,1.713,,,5.568,,,2.615,,,0.211,,,0.285,,,0.896,,,0.688,,,3.336,,,0.209,,,0.094,,,2.784,,,2.525,,,0.252,,,3.900,,,1.381,,,2.716,,,1.037,,,

